Friction_Angle,Cohesion,Slope_Angle,Rainfall_Intensity,Rainfall_Duration,Permeability,FOS
15,0,30,10,0,0.001,0.54
15,0,30,10,1,0.001,0.537
15,0,30,10,2,0.001,0.535
15,0,30,10,3,0.001,0.534
15,0,30,10,4,0.001,0.533
15,0,30,10,8,0.001,0.531
15,0,30,10,12,0.001,0.531
15,0,30,10,16,0.001,0.53
15,0,30,10,20,0.001,0.529
15,0,30,10,24,0.001,0.529
15,0,30,30,0,0.001,0.54
15,0,30,30,1,0.001,0.531
15,0,30,30,2,0.001,0.527
15,0,30,30,3,0.001,0.524
15,0,30,30,4,0.001,0.522
15,0,30,30,8,0.001,0.517
15,0,30,30,12,0.001,0.513
15,0,30,30,16,0.001,0.512
15,0,30,30,20,0.001,0.512
15,0,30,30,24,0.001,0.512
15,0,30,60,0,0.001,0.540
15,0,30,60,1,0.001,0.523
15,0,30,60,2,0.001,0.514
15,0,30,60,3,0.001,0.508
15,0,30,60,4,0.001,0.503
15,0,30,60,8,0.001,0.488
15,0,30,60,12,0.001,0.484
15,0,30,60,16,0.001,0.483
15,0,30,60,20,0.001,0.483
15,0,30,60,24,0.001,0.483
15,5,30,10,0,0.001,0.88
15,5,30,10,1,0.001,0.879
15,5,30,10,2,0.001,0.878
15,5,30,10,3,0.001,0.877
15,5,30,10,4,0.001,0.877
15,5,30,10,8,0.001,0.875
15,5,30,10,12,0.001,0.874
15,5,30,10,16,0.001,0.873
15,5,30,10,20,0.001,0.872
15,5,30,10,24,0.001,0.871
15,5,30,30,0,0.001,0.88
15,5,30,30,1,0.001,0.877
15,5,30,30,2,0.001,0.875
15,5,30,30,3,0.001,0.874
15,5,30,30,4,0.001,0.872
15,5,30,30,8,0.001,0.867
15,5,30,30,12,0.001,0.864
15,5,30,30,16,0.001,0.863
15,5,30,30,20,0.001,0.862
15,5,30,30,24,0.001,0.862
15,5,30,60,0,0.001,0.880
15,5,30,60,1,0.001,0.874
15,5,30,60,2,0.001,0.870
15,5,30,60,3,0.001,0.867
15,5,30,60,4,0.001,0.864
15,5,30,60,8,0.001,0.853
15,5,30,60,12,0.001,0.851
15,5,30,60,16,0.001,0.851
15,5,30,60,20,0.001,0.851
15,5,30,60,24,0.001,0.851
15,10,30,10,0,0.001,1.163
15,10,30,10,1,0.001,1.162
15,10,30,10,2,0.001,1.161
15,10,30,10,3,0.001,1.16
15,10,30,10,4,0.001,1.16
15,10,30,10,8,0.001,1.158
15,10,30,10,12,0.001,1.156
15,10,30,10,16,0.001,1.155
15,10,30,10,20,0.001,1.153
15,10,30,10,24,0.001,1.153
15,10,30,30,0,0.001,1.163
15,10,30,30,1,0.001,1.16
15,10,30,30,2,0.001,1.158
15,10,30,30,3,0.001,1.156
15,10,30,30,4,0.001,1.154
15,10,30,30,8,0.001,1.149
15,10,30,30,12,0.001,1.145
15,10,30,30,16,0.001,1.144
15,10,30,30,20,0.001,1.144
15,10,30,30,24,0.001,1.144
15,10,30,60,0,0.001,1.163
15,10,30,60,1,0.001,1.157
15,10,30,60,2,0.001,1.153
15,10,30,60,3,0.001,1.149
15,10,30,60,4,0.001,1.145
15,10,30,60,8,0.001,1.135
15,10,30,60,12,0.001,1.132
15,10,30,60,16,0.001,1.132
15,10,30,60,20,0.001,1.132
15,10,30,60,24,0.001,1.132
15,15,30,10,0,0.001,1.425
15,15,30,10,1,0.001,1.424
15,15,30,10,2,0.001,1.424
15,15,30,10,3,0.001,1.423
15,15,30,10,4,0.001,1.423
15,15,30,10,8,0.001,1.421
15,15,30,10,12,0.001,1.421
15,15,30,10,16,0.001,1.419
15,15,30,10,20,0.001,1.418
15,15,30,10,24,0.001,1.417
15,15,30,30,0,0.001,1.425
15,15,30,30,1,0.001,1.423
15,15,30,30,2,0.001,1.421
15,15,30,30,3,0.001,1.42
15,15,30,30,4,0.001,1.418
15,15,30,30,8,0.001,1.414
15,15,30,30,12,0.001,1.411
15,15,30,30,16,0.001,1.41
15,15,30,30,20,0.001,1.41
15,15,30,30,24,0.001,1.41
15,15,30,60,0,0.001,1.425
15,15,30,60,1,0.001,1.420
15,15,30,60,2,0.001,1.417
15,15,30,60,3,0.001,1.413
15,15,30,60,4,0.001,1.410
15,15,30,60,8,0.001,1.402
15,15,30,60,12,0.001,1.399
15,15,30,60,16,0.001,1.399
15,15,30,60,20,0.001,1.399
15,15,30,60,24,0.001,1.399
15,20,30,10,0,0.001,1.685
15,20,30,10,1,0.001,1.684
15,20,30,10,2,0.001,1.684
15,20,30,10,3,0.001,1.683
15,20,30,10,4,0.001,1.683
15,20,30,10,8,0.001,1.682
15,20,30,10,12,0.001,1.68
15,20,30,10,16,0.001,1.679
15,20,30,10,20,0.001,1.678
15,20,30,10,24,0.001,1.678
15,20,30,30,0,0.001,1.685
15,20,30,30,1,0.001,1.683
15,20,30,30,2,0.001,1.681
15,20,30,30,3,0.001,1.68
15,20,30,30,4,0.001,1.678
15,20,30,30,8,0.001,1.674
15,20,30,30,12,0.001,1.671
15,20,30,30,16,0.001,1.67
15,20,30,30,20,0.001,1.67
15,20,30,30,24,0.001,1.67
15,20,30,60,0,0.001,1.685
15,20,30,60,1,0.001,1.681
15,20,30,60,2,0.001,1.677
15,20,30,60,3,0.001,1.674
15,20,30,60,4,0.001,1.671
15,20,30,60,8,0.001,1.662
15,20,30,60,12,0.001,1.660
15,20,30,60,16,0.001,1.660
15,20,30,60,20,0.001,1.660
15,20,30,60,24,0.001,1.660
20,0,30,10,0,0.001,0.733
20,0,30,10,1,0.001,0.728
20,0,30,10,2,0.001,0.726
20,0,30,10,3,0.001,0.724
20,0,30,10,4,0.001,0.723
20,0,30,10,8,0.001,0.721
20,0,30,10,12,0.001,0.72
20,0,30,10,16,0.001,0.719
20,0,30,10,20,0.001,0.718
20,0,30,10,24,0.001,0.717
20,0,30,30,0,0.001,0.733
20,0,30,30,1,0.001,0.721
20,0,30,30,2,0.001,0.715
20,0,30,30,3,0.001,0.711
20,0,30,30,4,0.001,0.709
20,0,30,30,8,0.001,0.703
20,0,30,30,12,0.001,0.697
20,0,30,30,16,0.001,0.695
20,0,30,30,20,0.001,0.695
20,0,30,30,24,0.001,0.695
20,0,30,60,0,0.001,0.733
20,0,30,60,1,0.001,0.710
20,0,30,60,2,0.001,0.697
20,0,30,60,3,0.001,0.689
20,0,30,60,4,0.001,0.683
20,0,30,60,8,0.001,0.662
20,0,30,60,12,0.001,0.656
20,0,30,60,16,0.001,0.655
20,0,30,60,20,0.001,0.655
20,0,30,60,24,0.001,0.655
20,5,30,10,0,0.001,1.091
20,5,30,10,1,0.001,1.089
20,5,30,10,2,0.001,1.087
20,5,30,10,3,0.001,1.086
20,5,30,10,4,0.001,1.085
20,5,30,10,8,0.001,1.082
20,5,30,10,12,0.001,1.078
20,5,30,10,16,0.001,1.076
20,5,30,10,20,0.001,1.073
20,5,30,10,24,0.001,1.072
20,5,30,30,0,0.001,1.091
20,5,30,30,1,0.001,1.085
20,5,30,30,2,0.001,1.082
20,5,30,30,3,0.001,1.079
20,5,30,30,4,0.001,1.076
20,5,30,30,8,0.001,1.066
20,5,30,30,12,0.001,1.06
20,5,30,30,16,0.001,1.058
20,5,30,30,20,0.001,1.058
20,5,30,30,24,0.001,1.058
20,5,30,60,0,0.001,1.091
20,5,30,60,1,0.001,1.081
20,5,30,60,2,0.001,1.073
20,5,30,60,3,0.001,1.066
20,5,30,60,4,0.001,1.060
20,5,30,60,8,0.001,1.043
20,5,30,60,12,0.001,1.040
20,5,30,60,16,0.001,1.040
20,5,30,60,20,0.001,1.040
20,5,30,60,24,0.001,1.040
20,10,30,10,0,0.001,1.378
20,10,30,10,1,0.001,1.377
20,10,30,10,2,0.001,1.376
20,10,30,10,3,0.001,1.375
20,10,30,10,4,0.001,1.374
20,10,30,10,8,0.001,1.372
20,10,30,10,12,0.001,1.37
20,10,30,10,16,0.001,1.368
20,10,30,10,20,0.001,1.366
20,10,30,10,24,0.001,1.365
20,10,30,30,0,0.001,1.378
20,10,30,30,1,0.001,1.374
20,10,30,30,2,0.001,1.372
20,10,30,30,3,0.001,1.369
20,10,30,30,4,0.001,1.367
20,10,30,30,8,0.001,1.36
20,10,30,30,12,0.001,1.355
20,10,30,30,16,0.001,1.354
20,10,30,30,20,0.001,1.354
20,10,30,30,24,0.001,1.354
20,10,30,60,0,0.001,1.378
20,10,30,60,1,0.001,1.370
20,10,30,60,2,0.001,1.365
20,10,30,60,3,0.001,1.360
20,10,30,60,4,0.001,1.355
20,10,30,60,8,0.001,1.341
20,10,30,60,12,0.001,1.338
20,10,30,60,16,0.001,1.338
20,10,30,60,20,0.001,1.338
20,10,30,60,24,0.001,1.338
20,15,30,10,0,0.001,1.655
20,15,30,10,1,0.001,1.654
20,15,30,10,2,0.001,1.654
20,15,30,10,3,0.001,1.653
20,15,30,10,4,0.001,1.653
20,15,30,10,8,0.001,1.651
20,15,30,10,12,0.001,1.649
20,15,30,10,16,0.001,1.647
20,15,30,10,20,0.001,1.646
20,15,30,10,24,0.001,1.645
20,15,30,30,0,0.001,1.655
20,15,30,30,1,0.001,1.652
20,15,30,30,2,0.001,1.65
20,15,30,30,3,0.001,1.648
20,15,30,30,4,0.001,1.646
20,15,30,30,8,0.001,1.64
20,15,30,30,12,0.001,1.634
20,15,30,30,16,0.001,1.633
20,15,30,30,20,0.001,1.633
20,15,30,30,24,0.001,1.633
20,15,30,60,0,0.001,1.655
20,15,30,60,1,0.001,1.649
20,15,30,60,2,0.001,1.644
20,15,30,60,3,0.001,1.640
20,15,30,60,4,0.001,1.635
20,15,30,60,8,0.001,1.620
20,15,30,60,12,0.001,1.617
20,15,30,60,16,0.001,1.617
20,15,30,60,20,0.001,1.617
20,15,30,60,24,0.001,1.617
20,20,30,10,0,0.001,1.916
20,20,30,10,1,0.001,1.915
20,20,30,10,2,0.001,1.914
20,20,30,10,3,0.001,1.913
20,20,30,10,4,0.001,1.913
20,20,30,10,8,0.001,1.911
20,20,30,10,12,0.001,1.909
20,20,30,10,16,0.001,1.907
20,20,30,10,20,0.001,1.906
20,20,30,10,24,0.001,1.906
20,20,30,30,0,0.001,1.916
20,20,30,30,1,0.001,1.913
20,20,30,30,2,0.001,1.911
20,20,30,30,3,0.001,1.909
20,20,30,30,4,0.001,1.907
20,20,30,30,8,0.001,1.901
20,20,30,30,12,0.001,1.897
20,20,30,30,16,0.001,1.895
20,20,30,30,20,0.001,1.895
20,20,30,30,24,0.001,1.895
20,20,30,60,0,0.001,1.916
20,20,30,60,1,0.001,1.910
20,20,30,60,2,0.001,1.905
20,20,30,60,3,0.001,1.900
20,20,30,60,4,0.001,1.896
20,20,30,60,8,0.001,1.884
20,20,30,60,12,0.001,1.882
20,20,30,60,16,0.001,1.881
20,20,30,60,20,0.001,1.881
20,20,30,60,24,0.001,1.881
25,0,30,10,0,0.001,0.937
25,0,30,10,1,0.001,0.932
25,0,30,10,2,0.001,0.929
25,0,30,10,3,0.001,0.927
25,0,30,10,4,0.001,0.925
25,0,30,10,8,0.001,0.922
25,0,30,10,12,0.001,0.921
25,0,30,10,16,0.001,0.92
25,0,30,10,20,0.001,0.919
25,0,30,10,24,0.001,0.918
25,0,30,30,0,0.001,0.937
25,0,30,30,1,0.001,0.922
25,0,30,30,2,0.001,0.915
25,0,30,30,3,0.001,0.91
25,0,30,30,4,0.001,0.907
25,0,30,30,8,0.001,0.899
25,0,30,30,12,0.001,0.893
25,0,30,30,16,0.001,0.89
25,0,30,30,20,0.001,0.889
25,0,30,30,24,0.001,0.889
25,0,30,60,0,0.001,0.937
25,0,30,60,1,0.001,0.909
25,0,30,60,2,0.001,0.891
25,0,30,60,3,0.001,0.880
25,0,30,60,4,0.001,0.873
25,0,30,60,8,0.001,0.847
25,0,30,60,12,0.001,0.839
25,0,30,60,16,0.001,0.838
25,0,30,60,20,0.001,0.838
25,0,30,60,24,0.001,0.838
25,5,30,10,0,0.001,1.304
25,5,30,10,1,0.001,1.302
25,5,30,10,2,0.001,1.3
25,5,30,10,3,0.001,1.298
25,5,30,10,4,0.001,1.297
25,5,30,10,8,0.001,1.293
25,5,30,10,12,0.001,1.288
25,5,30,10,16,0.001,1.285
25,5,30,10,20,0.001,1.282
25,5,30,10,24,0.001,1.28
25,5,30,30,0,0.001,1.304
25,5,30,30,1,0.001,1.297
25,5,30,30,2,0.001,1.293
25,5,30,30,3,0.001,1.289
25,5,30,30,4,0.001,1.285
25,5,30,30,8,0.001,1.272
25,5,30,30,12,0.001,1.265
25,5,30,30,16,0.001,1.263
25,5,30,30,20,0.001,1.262
25,5,30,30,24,0.001,1.262
25,5,30,60,0,0.001,1.304
25,5,30,60,1,0.001,1.291
25,5,30,60,2,0.001,1.281
25,5,30,60,3,0.001,1.272
25,5,30,60,4,0.001,1.265
25,5,30,60,8,0.001,1.244
25,5,30,60,12,0.001,1.240
25,5,30,60,16,0.001,1.240
25,5,30,60,20,0.001,1.240
25,5,30,60,24,0.001,1.240
25,10,30,10,0,0.001,1.604
25,10,30,10,1,0.001,1.602
25,10,30,10,2,0.001,1.601
25,10,30,10,3,0.001,1.6
25,10,30,10,4,0.001,1.599
25,10,30,10,8,0.001,1.596
25,10,30,10,12,0.001,1.595
25,10,30,10,16,0.001,1.592
25,10,30,10,20,0.001,1.591
25,10,30,10,24,0.001,1.589
25,10,30,30,0,0.001,1.604
25,10,30,30,1,0.001,1.599
25,10,30,30,2,0.001,1.596
25,10,30,30,3,0.001,1.593
25,10,30,30,4,0.001,1.591
25,10,30,30,8,0.001,1.583
25,10,30,30,12,0.001,1.577
25,10,30,30,16,0.001,1.575
25,10,30,30,20,0.001,1.575
25,10,30,30,24,0.001,1.575
25,10,30,60,0,0.001,1.604
25,10,30,60,1,0.001,1.594
25,10,30,60,2,0.001,1.587
25,10,30,60,3,0.001,1.582
25,10,30,60,4,0.001,1.577
25,10,30,60,8,0.001,1.559
25,10,30,60,12,0.001,1.555
25,10,30,60,16,0.001,1.555
25,10,30,60,20,0.001,1.555
25,10,30,60,24,0.001,1.555
25,15,30,10,0,0.001,1.888
25,15,30,10,1,0.001,1.886
25,15,30,10,2,0.001,1.885
25,15,30,10,3,0.001,1.884
25,15,30,10,4,0.001,1.883
25,15,30,10,8,0.001,1.88
25,15,30,10,12,0.001,1.877
25,15,30,10,16,0.001,1.874
25,15,30,10,20,0.001,1.872
25,15,30,10,24,0.001,1.871
25,15,30,30,0,0.001,1.888
25,15,30,30,1,0.001,1.883
25,15,30,30,2,0.001,1.879
25,15,30,30,3,0.001,1.876
25,15,30,30,4,0.001,1.874
25,15,30,30,8,0.001,1.864
25,15,30,30,12,0.001,1.858
25,15,30,30,16,0.001,1.856
25,15,30,30,20,0.001,1.856
25,15,30,30,24,0.001,1.856
25,15,30,60,0,0.001,1.888
25,15,30,60,1,0.001,1.878
25,15,30,60,2,0.001,1.871
25,15,30,60,3,0.001,1.864
25,15,30,60,4,0.001,1.858
25,15,30,60,8,0.001,1.840
25,15,30,60,12,0.001,1.836
25,15,30,60,16,0.001,1.836
25,15,30,60,20,0.001,1.836
25,15,30,60,24,0.001,1.835
25,20,30,10,0,0.001,2.161
25,20,30,10,1,0.001,2.16
25,20,30,10,2,0.001,2.159
25,20,30,10,3,0.001,2.159
25,20,30,10,4,0.001,2.158
25,20,30,10,8,0.001,2.155
25,20,30,10,12,0.001,2.153
25,20,30,10,16,0.001,2.151
25,20,30,10,20,0.001,2.15
25,20,30,10,24,0.001,2.149
25,20,30,30,0,0.001,2.161
25,20,30,30,1,0.001,2.158
25,20,30,30,2,0.001,2.155
25,20,30,30,3,0.001,2.153
25,20,30,30,4,0.001,2.15
25,20,30,30,8,0.001,2.143
25,20,30,30,12,0.001,2.137
25,20,30,30,16,0.001,2.135
25,20,30,30,20,0.001,2.135
25,20,30,30,24,0.001,2.135
25,20,30,60,0,0.001,2.161
25,20,30,60,1,0.001,2.154
25,20,30,60,2,0.001,2.148
25,20,30,60,3,0.001,2.142
25,20,30,60,4,0.001,2.137
25,20,30,60,8,0.001,2.119
25,20,30,60,12,0.001,2.115
25,20,30,60,16,0.001,2.115
25,20,30,60,20,0.001,2.115
25,20,30,60,24,0.001,2.115
30,0,30,10,0,0.001,1.159
30,0,30,10,1,0.001,1.153
30,0,30,10,2,0.001,1.149
30,0,30,10,3,0.001,1.146
30,0,30,10,4,0.001,1.144
30,0,30,10,8,0.001,1.141
30,0,30,10,12,0.001,1.139
30,0,30,10,16,0.001,1.138
30,0,30,10,20,0.001,1.137
30,0,30,10,24,0.001,1.136
30,0,30,30,0,0.001,1.159
30,0,30,30,1,0.001,1.141
30,0,30,30,2,0.001,1.132
30,0,30,30,3,0.001,1.126
30,0,30,30,4,0.001,1.122
30,0,30,30,8,0.001,1.113
30,0,30,30,12,0.001,1.104
30,0,30,30,16,0.001,1.1
30,0,30,30,20,0.001,1.099
30,0,30,30,24,0.001,1.099
30,0,30,60,0,0.001,1.159
30,0,30,60,1,0.001,1.124
30,0,30,60,2,0.001,1.101
30,0,30,60,3,0.001,1.088
30,0,30,60,4,0.001,1.078
30,0,30,60,8,0.001,1.047
30,0,30,60,12,0.001,1.037
30,0,30,60,16,0.001,1.036
30,0,30,60,20,0.001,1.036
30,0,30,60,24,0.001,1.036
30,5,30,10,0,0.001,1.536
30,5,30,10,1,0.001,1.532
30,5,30,10,2,0.001,1.53
30,5,30,10,3,0.001,1.528
30,5,30,10,4,0.001,1.527
30,5,30,10,8,0.001,1.522
30,5,30,10,12,0.001,1.517
30,5,30,10,16,0.001,1.512
30,5,30,10,20,0.001,1.509
30,5,30,10,24,0.001,1.507
30,5,30,30,0,0.001,1.536
30,5,30,30,1,0.001,1.527
30,5,30,30,2,0.001,1.522
30,5,30,30,3,0.001,1.517
30,5,30,30,4,0.001,1.512
30,5,30,30,8,0.001,1.497
30,5,30,30,12,0.001,1.488
30,5,30,30,16,0.001,1.485
30,5,30,30,20,0.001,1.485
30,5,30,30,24,0.001,1.485
30,5,30,60,0,0.001,1.536
30,5,30,60,1,0.001,1.520
30,5,30,60,2,0.001,1.507
30,5,30,60,3,0.001,1.497
30,5,30,60,4,0.001,1.487
30,5,30,60,8,0.001,1.463
30,5,30,60,12,0.001,1.458
30,5,30,60,16,0.001,1.458
30,5,30,60,20,0.001,1.458
30,5,30,60,24,0.001,1.458
30,10,30,10,0,0.001,1.85
30,10,30,10,1,0.001,1.848
30,10,30,10,2,0.001,1.846
30,10,30,10,3,0.001,1.845
30,10,30,10,4,0.001,1.844
30,10,30,10,8,0.001,1.841
30,10,30,10,12,0.001,1.838
30,10,30,10,16,0.001,1.836
30,10,30,10,20,0.001,1.833
30,10,30,10,24,0.001,1.832
30,10,30,30,0,0.001,1.85
30,10,30,30,1,0.001,1.844
30,10,30,30,2,0.001,1.84
30,10,30,30,3,0.001,1.837
30,10,30,30,4,0.001,1.834
30,10,30,30,8,0.001,1.823
30,10,30,30,12,0.001,1.814
30,10,30,30,16,0.001,1.811
30,10,30,30,20,0.001,1.811
30,10,30,30,24,0.001,1.811
30,10,30,60,0,0.001,1.850
30,10,30,60,1,0.001,1.838
30,10,30,60,2,0.001,1.830
30,10,30,60,3,0.001,1.823
30,10,30,60,4,0.001,1.814
30,10,30,60,8,0.001,1.788
30,10,30,60,12,0.001,1.783
30,10,30,60,16,0.001,1.783
30,10,30,60,20,0.001,1.783
30,10,30,60,24,0.001,1.783
30,15,30,10,0,0.001,2.135
30,15,30,10,1,0.001,2.132
30,15,30,10,2,0.001,2.131
30,15,30,10,3,0.001,2.13
30,15,30,10,4,0.001,2.129
30,15,30,10,8,0.001,2.125
30,15,30,10,12,0.001,2.122
30,15,30,10,16,0.001,2.12
30,15,30,10,20,0.001,2.118
30,15,30,10,24,0.001,2.116
30,15,30,30,0,0.001,2.135
30,15,30,30,1,0.001,2.129
30,15,30,30,2,0.001,2.125
30,15,30,30,3,0.001,2.121
30,15,30,30,4,0.001,2.118
30,15,30,30,8,0.001,2.108
30,15,30,30,12,0.001,2.1
30,15,30,30,16,0.001,2.098
30,15,30,30,20,0.001,2.098
30,15,30,30,24,0.001,2.098
30,15,30,60,0,0.001,2.135
30,15,30,60,1,0.001,2.123
30,15,30,60,2,0.001,2.114
30,15,30,60,3,0.001,2.107
30,15,30,60,4,0.001,2.100
30,15,30,60,8,0.001,2.079
30,15,30,60,12,0.001,2.074
30,15,30,60,16,0.001,2.073
30,15,30,60,20,0.001,2.073
30,15,30,60,24,0.001,2.073
30,20,30,10,0,0.001,2.416
30,20,30,10,1,0.001,2.414
30,20,30,10,2,0.001,2.413
30,20,30,10,3,0.001,2.411
30,20,30,10,4,0.001,2.41
30,20,30,10,8,0.001,2.406
30,20,30,10,12,0.001,2.403
30,20,30,10,16,0.001,2.4
30,20,30,10,20,0.001,2.397
30,20,30,10,24,0.001,2.395
30,20,30,30,0,0.001,2.416
30,20,30,30,1,0.001,2.41
30,20,30,30,2,0.001,2.406
30,20,30,30,3,0.001,2.402
30,20,30,30,4,0.001,2.399
30,20,30,30,8,0.001,2.388
30,20,30,30,12,0.001,2.379
30,20,30,30,16,0.001,2.377
30,20,30,30,20,0.001,2.377
30,20,30,30,24,0.001,2.377
30,20,30,60,0,0.001,2.416
30,20,30,60,1,0.001,2.405
30,20,30,60,2,0.001,2.396
30,20,30,60,3,0.001,2.388
30,20,30,60,4,0.001,2.380
30,20,30,60,8,0.001,2.357
30,20,30,60,12,0.001,2.353
30,20,30,60,16,0.001,2.352
30,20,30,60,20,0.001,2.352
30,20,30,60,24,0.001,2.352
15,0,45,10,0,0.001,0.335
15,0,45,10,1,0.001,0.333
15,0,45,10,2,0.001,0.333
15,0,45,10,3,0.001,0.333
15,0,45,10,4,0.001,0.333
15,0,45,10,8,0.001,0.332
15,0,45,10,12,0.001,0.331
15,0,45,10,16,0.001,0.331
15,0,45,10,20,0.001,0.331
15,0,45,10,24,0.001,0.33
15,0,45,30,0,0.001,0.335
15,0,45,30,1,0.001,0.332
15,0,45,30,2,0.001,0.33
15,0,45,30,3,0.001,0.328
15,0,45,30,4,0.001,0.327
15,0,45,30,8,0.001,0.326
15,0,45,30,12,0.001,0.324
15,0,45,30,16,0.001,0.324
15,0,45,30,20,0.001,0.324
15,0,45,30,24,0.001,0.324
15,0,45,60,0,0.001,0.335
15,0,45,60,1,0.001,0.328
15,0,45,60,2,0.001,0.325
15,0,45,60,3,0.001,0.322
15,0,45,60,4,0.001,0.32
15,0,45,60,8,0.001,0.315
15,0,45,60,12,0.001,0.314
15,0,45,60,16,0.001,0.314
15,0,45,60,20,0.001,0.314
15,0,45,60,24,0.001,0.314
15,5,45,10,0,0.001,0.697
15,5,45,10,1,0.001,0.696
15,5,45,10,2,0.001,0.695
15,5,45,10,3,0.001,0.694
15,5,45,10,4,0.001,0.693
15,5,45,10,8,0.001,0.69
15,5,45,10,12,0.001,0.686
15,5,45,10,16,0.001,0.683
15,5,45,10,20,0.001,0.681
15,5,45,10,24,0.001,0.679
15,5,45,30,0,0.001,0.697
15,5,45,30,1,0.001,0.694
15,5,45,30,2,0.001,0.692
15,5,45,30,3,0.001,0.689
15,5,45,30,4,0.001,0.686
15,5,45,30,8,0.001,0.677
15,5,45,30,12,0.001,0.673
15,5,45,30,16,0.001,0.672
15,5,45,30,20,0.001,0.672
15,5,45,30,24,0.001,0.672
15,5,45,60,0,0.001,0.697
15,5,45,60,1,0.001,0.691
15,5,45,60,2,0.001,0.685
15,5,45,60,3,0.001,0.68
15,5,45,60,4,0.001,0.675
15,5,45,60,8,0.001,0.666
15,5,45,60,12,0.001,0.666
15,5,45,60,16,0.001,0.666
15,5,45,60,20,0.001,0.666
15,5,45,60,24,0.001,0.666
15,10,45,10,0,0.001,0.977
15,10,45,10,1,0.001,0.976
15,10,45,10,2,0.001,0.975
15,10,45,10,3,0.001,0.964
15,10,45,10,4,0.001,0.964
15,10,45,10,8,0.001,0.963
15,10,45,10,12,0.001,0.961
15,10,45,10,16,0.001,0.96
15,10,45,10,20,0.001,0.959
15,10,45,10,24,0.001,0.958
15,10,45,30,0,0.001,0.977
15,10,45,30,1,0.001,0.95
15,10,45,30,2,0.001,0.934
15,10,45,30,3,0.001,0.923
15,10,45,30,4,0.001,0.919
15,10,45,30,8,0.001,0.916
15,10,45,30,12,0.001,0.916
15,10,45,30,16,0.001,0.916
15,10,45,30,20,0.001,0.916
15,10,45,30,24,0.001,0.916
15,10,45,60,0,0.001,0.977
15,10,45,60,1,0.001,0.963
15,10,45,60,2,0.001,0.96
15,10,45,60,3,0.001,0.957
15,10,45,60,4,0.001,0.955
15,10,45,60,8,0.001,0.95
15,10,45,60,12,0.001,0.949
15,10,45,60,16,0.001,0.949
15,10,45,60,20,0.001,0.949
15,10,45,60,24,0.001,0.949
15,15,45,10,0,0.001,1.222
15,15,45,10,1,0.001,1.221
15,15,45,10,2,0.001,1.221
15,15,45,10,3,0.001,1.22
15,15,45,10,4,0.001,1.22
15,15,45,10,8,0.001,1.218
15,15,45,10,12,0.001,1.216
15,15,45,10,16,0.001,1.215
15,15,45,10,20,0.001,1.214
15,15,45,10,24,0.001,1.202
15,15,45,30,0,0.001,1.222
15,15,45,30,1,0.001,1.22
15,15,45,30,2,0.001,1.218
15,15,45,30,3,0.001,1.217
15,15,45,30,4,0.001,1.216
15,15,45,30,8,0.001,1.201
15,15,45,30,12,0.001,1.199
15,15,45,30,16,0.001,1.199
15,15,45,30,20,0.001,1.199
15,15,45,30,24,0.001,1.199
15,15,45,60,0,0.001,1.222
15,15,45,60,1,0.001,1.218
15,15,45,60,2,0.001,1.215
15,15,45,60,3,0.001,1.199
15,15,45,60,4,0.001,1.198
15,15,45,60,8,0.001,1.195
15,15,45,60,12,0.001,1.194
15,15,45,60,16,0.001,1.194
15,15,45,60,20,0.001,1.194
15,15,45,60,24,0.001,1.194
15,20,45,10,0,0.001,1.467
15,20,45,10,1,0.001,1.466
15,20,45,10,2,0.001,1.465
15,20,45,10,3,0.001,1.465
15,20,45,10,4,0.001,1.464
15,20,45,10,8,0.001,1.463
15,20,45,10,12,0.001,1.461
15,20,45,10,16,0.001,1.46
15,20,45,10,20,0.001,1.459
15,20,45,10,24,0.001,1.459
15,20,45,30,0,0.001,1.467
15,20,45,30,1,0.001,1.465
15,20,45,30,2,0.001,1.463
15,20,45,30,3,0.001,1.462
15,20,45,30,4,0.001,1.461
15,20,45,30,8,0.001,1.457
15,20,45,30,12,0.001,1.455
15,20,45,30,16,0.001,1.454
15,20,45,30,20,0.001,1.454
15,20,45,30,24,0.001,1.454
15,20,45,60,0,0.001,1.467
15,20,45,60,1,0.001,1.463
15,20,45,60,2,0.001,1.46
15,20,45,60,3,0.001,1.458
15,20,45,60,4,0.001,1.455
15,20,45,60,8,0.001,1.449
15,20,45,60,12,0.001,1.449
15,20,45,60,16,0.001,1.449
15,20,45,60,20,0.001,1.449
15,20,45,60,24,0.001,1.449
20,0,45,10,0,0.001,0.454
20,0,45,10,1,0.001,0.452
20,0,45,10,2,0.001,0.452
20,0,45,10,3,0.001,0.45
20,0,45,10,4,0.001,0.45
20,0,45,10,8,0.001,0.45
20,0,45,10,12,0.001,0.449
20,0,45,10,16,0.001,0.449
20,0,45,10,20,0.001,0.449
20,0,45,10,24,0.001,0.448
20,0,45,30,0,0.001,0.454
20,0,45,30,1,0.001,0.449
20,0,45,30,2,0.001,0.447
20,0,45,30,3,0.001,0.446
20,0,45,30,4,0.001,0.444
20,0,45,30,8,0.001,0.442
20,0,45,30,12,0.001,0.439
20,0,45,30,16,0.001,0.438
20,0,45,30,20,0.001,0.438
20,0,45,30,24,0.001,0.438
20,0,45,60,0,0.001,0.454
20,0,45,60,1,0.001,0.445
20,0,45,60,2,0.001,0.44
20,0,45,60,3,0.001,0.437
20,0,45,60,4,0.001,0.435
20,0,45,60,8,0.001,0.427
20,0,45,60,12,0.001,0.426
20,0,45,60,16,0.001,0.426
20,0,45,60,20,0.001,0.426
20,0,45,60,24,0.001,0.426
20,5,45,10,0,0.001,0.838
20,5,45,10,1,0.001,0.835
20,5,45,10,2,0.001,0.834
20,5,45,10,3,0.001,0.833
20,5,45,10,4,0.001,0.831
20,5,45,10,8,0.001,0.827
20,5,45,10,12,0.001,0.822
20,5,45,10,16,0.001,0.818
20,5,45,10,20,0.001,0.815
20,5,45,10,24,0.001,0.813
20,5,45,30,0,0.001,0.838
20,5,45,30,1,0.001,0.832
20,5,45,30,2,0.001,0.829
20,5,45,30,3,0.001,0.825
20,5,45,30,4,0.001,0.822
20,5,45,30,8,0.001,0.81
20,5,45,30,12,0.001,0.805
20,5,45,30,16,0.001,0.804
20,5,45,30,20,0.001,0.804
20,5,45,30,24,0.001,0.804
20,5,45,60,0,0.001,0.838
20,5,45,60,1,0.001,0.828
20,5,45,60,2,0.001,0.821
20,5,45,60,3,0.001,0.814
20,5,45,60,4,0.001,0.808
20,5,45,60,8,0.001,0.796
20,5,45,60,12,0.001,0.795
20,5,45,60,16,0.001,0.795
20,5,45,60,20,0.001,0.795
20,5,45,60,24,0.001,0.795
20,10,45,10,0,0.001,1.133
20,10,45,10,1,0.001,1.131
20,10,45,10,2,0.001,1.13
20,10,45,10,3,0.001,1.129
20,10,45,10,4,0.001,1.128
20,10,45,10,8,0.001,1.125
20,10,45,10,12,0.001,1.123
20,10,45,10,16,0.001,1.121
20,10,45,10,20,0.001,1.119
20,10,45,10,24,0.001,1.118
20,10,45,30,0,0.001,1.133
20,10,45,30,1,0.001,1.129
20,10,45,30,2,0.001,1.126
20,10,45,30,3,0.001,1.124
20,10,45,30,4,0.001,1.122
20,10,45,30,8,0.001,1.115
20,10,45,30,12,0.001,1.109
20,10,45,30,16,0.001,1.108
20,10,45,30,20,0.001,1.108
20,10,45,30,24,0.001,1.108
20,10,45,60,0,0.001,1.133
20,10,45,60,1,0.001,1.126
20,10,45,60,2,0.001,1.121
20,10,45,60,3,0.001,1.117
20,10,45,60,4,0.001,1.113
20,10,45,60,8,0.001,1.1
20,10,45,60,12,0.001,1.099
20,10,45,60,16,0.001,1.099
20,10,45,60,20,0.001,1.099
20,10,45,60,24,0.001,1.099
20,15,45,10,0,0.001,1.38
20,15,45,10,1,0.001,1.379
20,15,45,10,2,0.001,1.379
20,15,45,10,3,0.001,1.379
20,15,45,10,4,0.001,1.378
20,15,45,10,8,0.001,1.377
20,15,45,10,12,0.001,1.375
20,15,45,10,16,0.001,1.373
20,15,45,10,20,0.001,1.372
20,15,45,10,24,0.001,1.371
20,15,45,30,0,0.001,1.38
20,15,45,30,1,0.001,1.379
20,15,45,30,2,0.001,1.377
20,15,45,30,3,0.001,1.376
20,15,45,30,4,0.001,1.375
20,15,45,30,8,0.001,1.369
20,15,45,30,12,0.001,1.367
20,15,45,30,16,0.001,1.366
20,15,45,30,20,0.001,1.366
20,15,45,30,24,0.001,1.366
20,15,45,60,0,0.001,1.38
20,15,45,60,1,0.001,1.377
20,15,45,60,2,0.001,1.374
20,15,45,60,3,0.001,1.37
20,15,45,60,4,0.001,1.367
20,15,45,60,8,0.001,1.36
20,15,45,60,12,0.001,1.359
20,15,45,60,16,0.001,1.359
20,15,45,60,20,0.001,1.359
20,15,45,60,24,0.001,1.359
20,20,45,10,0,0.001,1.641
20,20,45,10,1,0.001,1.64
20,20,45,10,2,0.001,1.639
20,20,45,10,3,0.001,1.638
20,20,45,10,4,0.001,1.638
20,20,45,10,8,0.001,1.636
20,20,45,10,12,0.001,1.634
20,20,45,10,16,0.001,1.615
20,20,45,10,20,0.001,1.615
20,20,45,10,24,0.001,1.614
20,20,45,30,0,0.001,1.641
20,20,45,30,1,0.001,1.638
20,20,45,30,2,0.001,1.636
20,20,45,30,3,0.001,1.634
20,20,45,30,4,0.001,1.633
20,20,45,30,8,0.001,1.613
20,20,45,30,12,0.001,1.611
20,20,45,30,16,0.001,1.61
20,20,45,30,20,0.001,1.61
20,20,45,30,24,0.001,1.61
20,20,45,60,0,0.001,1.641
20,20,45,60,1,0.001,1.636
20,20,45,60,2,0.001,1.632
20,20,45,60,3,0.001,1.612
20,20,45,60,4,0.001,1.612
20,20,45,60,8,0.001,1.605
20,20,45,60,12,0.001,1.603
20,20,45,60,16,0.001,1.603
20,20,45,60,20,0.001,1.603
20,20,45,60,24,0.001,1.603
25,0,45,10,0,0.001,0.582
25,0,45,10,1,0.001,0.579
25,0,45,10,2,0.001,0.578
25,0,45,10,3,0.001,0.577
25,0,45,10,4,0.001,0.577
25,0,45,10,8,0.001,0.574
25,0,45,10,12,0.001,0.574
25,0,45,10,16,0.001,0.573
25,0,45,10,20,0.001,0.573
25,0,45,10,24,0.001,0.572
25,0,45,30,0,0.001,0.582
25,0,45,30,1,0.001,0.575
25,0,45,30,2,0.001,0.571
25,0,45,30,3,0.001,0.569
25,0,45,30,4,0.001,0.568
25,0,45,30,8,0.001,0.565
25,0,45,30,12,0.001,0.562
25,0,45,30,16,0.001,0.561
25,0,45,30,20,0.001,0.561
25,0,45,30,24,0.001,0.561
25,0,45,60,0,0.001,0.582
25,0,45,60,1,0.001,0.568
25,0,45,60,2,0.001,0.562
25,0,45,60,3,0.001,0.558
25,0,45,60,4,0.001,0.556
25,0,45,60,8,0.001,0.546
25,0,45,60,12,0.001,0.545
25,0,45,60,16,0.001,0.545
25,0,45,60,20,0.001,0.545
25,0,45,60,24,0.001,0.545
25,5,45,10,0,0.001,0.985
25,5,45,10,1,0.001,0.982
25,5,45,10,2,0.001,0.98
25,5,45,10,3,0.001,0.979
25,5,45,10,4,0.001,0.978
25,5,45,10,8,0.001,0.972
25,5,45,10,12,0.001,0.966
25,5,45,10,16,0.001,0.961
25,5,45,10,20,0.001,0.958
25,5,45,10,24,0.001,0.956
25,5,45,30,0,0.001,0.985
25,5,45,30,1,0.001,0.978
25,5,45,30,2,0.001,0.974
25,5,45,30,3,0.001,0.97
25,5,45,30,4,0.001,0.966
25,5,45,30,8,0.001,0.952
25,5,45,30,12,0.001,0.945
25,5,45,30,16,0.001,0.944
25,5,45,30,20,0.001,0.944
25,5,45,30,24,0.001,0.944
25,5,45,60,0,0.001,0.985
25,5,45,60,1,0.001,0.974
25,5,45,60,2,0.001,0.965
25,5,45,60,3,0.001,0.957
25,5,45,60,4,0.001,0.949
25,5,45,60,8,0.001,0.834
25,5,45,60,12,0.001,0.933
25,5,45,60,16,0.001,0.933
25,5,45,60,20,0.001,0.933
25,5,45,60,24,0.001,0.933
25,10,45,10,0,0.001,1.291
25,10,45,10,1,0.001,1.288
25,10,45,10,2,0.001,1.286
25,10,45,10,3,0.001,1.284
25,10,45,10,4,0.001,1.283
25,10,45,10,8,0.001,1.277
25,10,45,10,12,0.001,1.271
25,10,45,10,16,0.001,1.266
25,10,45,10,20,0.001,1.262
25,10,45,10,24,0.001,1.26
25,10,45,30,0,0.001,1.291
25,10,45,30,1,0.001,1.283
25,10,45,30,2,0.001,1.279
25,10,45,30,3,0.001,1.275
25,10,45,30,4,0.001,1.271
25,10,45,30,8,0.001,1.256
25,10,45,30,12,0.001,1.249
25,10,45,30,16,0.001,1.248
25,10,45,30,20,0.001,1.248
25,10,45,30,24,0.001,1.248
25,10,45,60,0,0.001,1.291
25,10,45,60,1,0.001,1.278
25,10,45,60,2,0.001,1.269
25,10,45,60,3,0.001,1.261
25,10,45,60,4,0.001,1.253
25,10,45,60,8,0.001,1.237
25,10,45,60,12,0.001,1.236
25,10,45,60,16,0.001,1.236
25,10,45,60,20,0.001,1.236
25,10,45,60,24,0.001,1.236
25,15,45,10,0,0.001,1.561
25,15,45,10,1,0.001,1.56
25,15,45,10,2,0.001,1.56
25,15,45,10,3,0.001,1.559
25,15,45,10,4,0.001,1.559
25,15,45,10,8,0.001,1.556
25,15,45,10,12,0.001,1.554
25,15,45,10,16,0.001,1.552
25,15,45,10,20,0.001,1.55
25,15,45,10,24,0.001,1.549
25,15,45,30,0,0.001,1.561
25,15,45,30,1,0.001,1.559
25,15,45,30,2,0.001,1.557
25,15,45,30,3,0.001,1.555
25,15,45,30,4,0.001,1.553
25,15,45,30,8,0.001,1.546
25,15,45,30,12,0.001,1.541
25,15,45,30,16,0.001,1.54
25,15,45,30,20,0.001,1.54
25,15,45,30,24,0.001,1.54
25,15,45,60,0,0.001,1.561
25,15,45,60,1,0.001,1.556
25,15,45,60,2,0.001,1.552
25,15,45,60,3,0.001,1.548
25,15,45,60,4,0.001,1.543
25,15,45,60,8,0.001,1.531
25,15,45,60,12,0.001,1.53
25,15,45,60,16,0.001,1.53
25,15,45,60,20,0.001,1.53
25,15,45,60,24,0.001,1.53
25,20,45,10,0,0.001,1.806
25,20,45,10,1,0.001,1.805
25,20,45,10,2,0.001,1.805
25,20,45,10,3,0.001,1.804
25,20,45,10,4,0.001,1.804
25,20,45,10,8,0.001,1.802
25,20,45,10,12,0.001,1.8
25,20,45,10,16,0.001,1.798
25,20,45,10,20,0.001,1.796
25,20,45,10,24,0.001,1.795
25,20,45,30,0,0.001,1.806
25,20,45,30,1,0.001,1.804
25,20,45,30,2,0.001,1.803
25,20,45,30,3,0.001,1.801
25,20,45,30,4,0.001,1.799
25,20,45,30,8,0.001,1.793
25,20,45,30,12,0.001,1.789
25,20,45,30,16,0.001,1.788
25,20,45,30,20,0.001,1.788
25,20,45,30,24,0.001,1.788
25,20,45,60,0,0.001,1.806
25,20,45,60,1,0.001,1.802
25,20,45,60,2,0.001,1.794
25,20,45,60,3,0.001,1.793
25,20,45,60,4,0.001,1.79
25,20,45,60,8,0.001,1.78
25,20,45,60,12,0.001,1.779
25,20,45,60,16,0.001,1.779
25,20,45,60,20,0.001,1.779
25,20,45,60,24,0.001,1.779
30,0,45,10,0,0.001,0.721
30,0,45,10,1,0.001,0.717
30,0,45,10,2,0.001,0.714
30,0,45,10,3,0.001,0.714
30,0,45,10,4,0.001,0.712
30,0,45,10,8,0.001,0.71
30,0,45,10,12,0.001,0.709
30,0,45,10,16,0.001,0.709
30,0,45,10,20,0.001,0.708
30,0,45,10,24,0.001,0.707
30,0,45,30,0,0.001,0.721
30,0,45,30,1,0.001,0.71
30,0,45,30,2,0.001,0.706
30,0,45,30,3,0.001,0.704
30,0,45,30,4,0.001,0.702
30,0,45,30,8,0.001,0.698
30,0,45,30,12,0.001,0.694
30,0,45,30,16,0.001,0.693
30,0,45,30,20,0.001,0.693
30,0,45,30,24,0.001,0.693
30,0,45,60,0,0.001,0.721
30,0,45,60,1,0.001,0.703
30,0,45,60,2,0.001,0.695
30,0,45,60,3,0.001,0.69
30,0,45,60,4,0.001,0.686
30,0,45,60,8,0.001,0.675
30,0,45,60,12,0.001,0.673
30,0,45,60,16,0.001,0.673
30,0,45,60,20,0.001,0.673
30,0,45,60,24,0.001,0.673
30,5,45,10,0,0.001,1.146
30,5,45,10,1,0.001,1.142
30,5,45,10,2,0.001,1.14
30,5,45,10,3,0.001,1.138
30,5,45,10,4,0.001,1.136
30,5,45,10,8,0.001,1.13
30,5,45,10,12,0.001,1.123
30,5,45,10,16,0.001,1.117
30,5,45,10,20,0.001,1.113
30,5,45,10,24,0.001,1.11
30,5,45,30,0,0.001,1.146
30,5,45,30,1,0.001,1.137
30,5,45,30,2,0.001,1.132
30,5,45,30,3,0.001,1.127
30,5,45,30,4,0.001,1.122
30,5,45,30,8,0.001,1.105
30,5,45,30,12,0.001,1.097
30,5,45,30,16,0.001,1.096
30,5,45,30,20,0.001,1.096
30,5,45,30,24,0.001,1.096
30,5,45,60,0,0.001,1.146
30,5,45,60,1,0.001,1.131
30,5,45,60,2,0.001,1.121
30,5,45,60,3,0.001,1.111
30,5,45,60,4,0.001,1.102
30,5,45,60,8,0.001,1.084
30,5,45,60,12,0.001,1.082
30,5,45,60,16,0.001,1.082
30,5,45,60,20,0.001,1.082
30,5,45,60,24,0.001,1.082
30,10,45,10,0,0.001,1.451
30,10,45,10,1,0.001,1.447
30,10,45,10,2,0.001,1.445
30,10,45,10,3,0.001,1.443
30,10,45,10,4,0.001,1.441
30,10,45,10,8,0.001,1.434
30,10,45,10,12,0.001,1.427
30,10,45,10,16,0.001,1.421
30,10,45,10,20,0.001,1.416
30,10,45,10,24,0.001,1.414
30,10,45,30,0,0.001,1.451
30,10,45,30,1,0.001,1.442
30,10,45,30,2,0.001,1.437
30,10,45,30,3,0.001,1.431
30,10,45,30,4,0.001,1.427
30,10,45,30,8,0.001,1.409
30,10,45,30,12,0.001,1.4
30,10,45,30,16,0.001,1.399
30,10,45,30,20,0.001,1.399
30,10,45,30,24,0.001,1.399
30,10,45,60,0,0.001,1.451
30,10,45,60,1,0.001,1.436
30,10,45,60,2,0.001,1.425
30,10,45,60,3,0.001,1.415
30,10,45,60,4,0.001,1.405
30,10,45,60,8,0.001,1.387
30,10,45,60,12,0.001,1.385
30,10,45,60,16,0.001,1.385
30,10,45,60,20,0.001,1.385
30,10,45,60,24,0.001,1.385
30,15,45,10,0,0.001,1.747
30,15,45,10,1,0.001,1.745
30,15,45,10,2,0.001,1.743
30,15,45,10,3,0.001,1.742
30,15,45,10,4,0.001,1.74
30,15,45,10,8,0.001,1.736
30,15,45,10,12,0.001,1.732
30,15,45,10,16,0.001,1.725
30,15,45,10,20,0.001,1.72
30,15,45,10,24,0.001,1.718
30,15,45,30,0,0.001,1.747
30,15,45,30,1,0.001,1.741
30,15,45,30,2,0.001,1.738
30,15,45,30,3,0.001,1.734
30,15,45,30,4,0.001,1.731
30,15,45,30,8,0.001,1.713
30,15,45,30,12,0.001,1.705
30,15,45,30,16,0.001,1.704
30,15,45,30,20,0.001,1.704
30,15,45,30,24,0.001,1.704
30,15,45,60,0,0.001,1.747
30,15,45,60,1,0.001,1.737
30,15,45,60,2,0.001,1.73
30,15,45,60,3,0.001,1.719
30,15,45,60,4,0.001,1.71
30,15,45,60,8,0.001,1.691
30,15,45,60,12,0.001,1.69
30,15,45,60,16,0.001,1.69
30,15,45,60,20,0.001,1.69
30,15,45,60,24,0.001,1.69
30,20,45,10,0,0.001,2.002
30,20,45,10,1,0.001,2.001
30,20,45,10,2,0.001,2.001
30,20,45,10,3,0.001,2
30,20,45,10,4,0.001,2
30,20,45,10,8,0.001,1.997
30,20,45,10,12,0.001,1.993
30,20,45,10,16,0.001,1.99
30,20,45,10,20,0.001,1.989
30,20,45,10,24,0.001,1.988
30,20,45,30,0,0.001,2.002
30,20,45,30,1,0.001,2
30,20,45,30,2,0.001,1.998
30,20,45,30,3,0.001,1.996
30,20,45,30,4,0.001,1.993
30,20,45,30,8,0.001,1.984
30,20,45,30,12,0.001,1.98
30,20,45,30,16,0.001,1.979
30,20,45,30,20,0.001,1.979
30,20,45,30,24,0.001,1.979
30,20,45,60,0,0.001,2.002
30,20,45,60,1,0.001,1.997
30,20,45,60,2,0.001,1.991
30,20,45,60,3,0.001,1.985
30,20,45,60,4,0.001,1.981
30,20,45,60,8,0.001,1.969
30,20,45,60,12,0.001,1.968
30,20,45,60,16,0.001,1.968
30,20,45,60,20,0.001,1.968
30,20,45,60,24,0.001,1.968
15,0,60,10,0,0.001,0.357
15,0,60,10,1,0.001,0.357
15,0,60,10,2,0.001,0.354
15,0,60,10,3,0.001,0.345
15,0,60,10,4,0.001,0.344
15,0,60,10,8,0.001,0.329
15,0,60,10,12,0.001,0.296
15,0,60,10,16,0.001,0.284
15,0,60,10,20,0.001,0.281
15,0,60,10,24,0.001,0.28
15,0,60,30,0,0.001,0.357
15,0,60,30,1,0.001,0.345
15,0,60,30,2,0.001,0.332
15,0,60,30,3,0.001,0.329
15,0,60,30,4,0.001,0.295
15,0,60,30,8,0.001,0.269
15,0,60,30,12,0.001,0.267
15,0,60,30,16,0.001,0.267
15,0,60,30,20,0.001,0.267
15,0,60,30,24,0.001,0.267
15,0,60,60,0,0.001,0.357
15,0,60,60,1,0.001,0.332
15,0,60,60,2,0.001,0.294
15,0,60,60,3,0.001,0.273
15,0,60,60,4,0.001,0.255
15,0,60,60,8,0.001,0.248
15,0,60,60,12,0.001,0.247
15,0,60,60,16,0.001,0.246
15,0,60,60,20,0.001,0.246
15,0,60,60,24,0.001,0.246
15,5,60,10,0,0.001,0.672
15,5,60,10,1,0.001,0.671
15,5,60,10,2,0.001,0.622
15,5,60,10,3,0.001,0.622
15,5,60,10,4,0.001,0.621
15,5,60,10,8,0.001,0.62
15,5,60,10,12,0.001,0.618
15,5,60,10,16,0.001,0.616
15,5,60,10,20,0.001,0.615
15,5,60,10,24,0.001,0.613
15,5,60,30,0,0.001,0.672
15,5,60,30,1,0.001,0.621
15,5,60,30,2,0.001,0.621
15,5,60,30,3,0.001,0.619
15,5,60,30,4,0.001,0.618
15,5,60,30,8,0.001,0.612
15,5,60,30,12,0.001,0.607
15,5,60,30,16,0.001,0.605
15,5,60,30,20,0.001,0.605
15,5,60,30,24,0.001,0.605
15,5,60,60,0,0.001,0.672
15,5,60,60,1,0.001,0.62
15,5,60,60,2,0.001,0.617
15,5,60,60,3,0.001,0.614
15,5,60,60,4,0.001,0.612
15,5,60,60,8,0.001,0.6
15,5,60,60,12,0.001,0.599
15,5,60,60,16,0.001,0.599
15,5,60,60,20,0.001,0.599
15,5,60,60,24,0.001,0.599
15,10,60,10,0,0.001,0.9
15,10,60,10,1,0.001,0.896
15,10,60,10,2,0.001,0.896
15,10,60,10,3,0.001,0.895
15,10,60,10,4,0.001,0.895
15,10,60,10,8,0.001,0.892
15,10,60,10,12,0.001,0.882
15,10,60,10,16,0.001,0.88
15,10,60,10,20,0.001,0.878
15,10,60,10,24,0.001,0.876
15,10,60,30,0,0.001,0.9
15,10,60,30,1,0.001,0.895
15,10,60,30,2,0.001,0.894
15,10,60,30,3,0.001,0.891
15,10,60,30,4,0.001,0.882
15,10,60,30,8,0.001,0.876
15,10,60,30,12,0.001,0.871
15,10,60,30,16,0.001,0.869
15,10,60,30,20,0.001,0.868
15,10,60,30,24,0.001,0.868
15,10,60,60,0,0.001,0.9
15,10,60,60,1,0.001,0.893
15,10,60,60,2,0.001,0.881
15,10,60,60,3,0.001,0.879
15,10,60,60,4,0.001,0.875
15,10,60,60,8,0.001,0.865
15,10,60,60,12,0.001,0.863
15,10,60,60,16,0.001,0.863
15,10,60,60,20,0.001,0.863
15,10,60,60,24,0.001,0.863
15,15,60,10,0,0.001,1.163
15,15,60,10,1,0.001,1.162
15,15,60,10,2,0.001,1.161
15,15,60,10,3,0.001,1.16
15,15,60,10,4,0.001,1.16
15,15,60,10,8,0.001,1.159
15,15,60,10,12,0.001,1.157
15,15,60,10,16,0.001,1.155
15,15,60,10,20,0.001,1.154
15,15,60,10,24,0.001,1.153
15,15,60,30,0,0.001,1.163
15,15,60,30,1,0.001,1.16
15,15,60,30,2,0.001,1.159
15,15,60,30,3,0.001,1.158
15,15,60,30,4,0.001,1.156
15,15,60,30,8,0.001,1.152
15,15,60,30,12,0.001,1.148
15,15,60,30,16,0.001,1.147
15,15,60,30,20,0.001,1.147
15,15,60,30,24,0.001,1.147
15,15,60,60,0,0.001,1.163
15,15,60,60,1,0.001,1.159
15,15,60,60,2,0.001,1.156
15,15,60,60,3,0.001,1.153
15,15,60,60,4,0.001,1.151
15,15,60,60,8,0.001,1.143
15,15,60,60,12,0.001,1.141
15,15,60,60,16,0.001,1.141
15,15,60,60,20,0.001,1.141
15,15,60,60,24,0.001,1.141
15,20,60,10,0,0.001,1.453
15,20,60,10,1,0.001,1.452
15,20,60,10,2,0.001,1.451
15,20,60,10,3,0.001,1.451
15,20,60,10,4,0.001,1.45
15,20,60,10,8,0.001,1.377
15,20,60,10,12,0.001,1.377
15,20,60,10,16,0.001,1.376
15,20,60,10,20,0.001,1.374
15,20,60,10,24,0.001,1.374
15,20,60,30,0,0.001,1.453
15,20,60,30,1,0.001,1.451
15,20,60,30,2,0.001,1.377
15,20,60,30,3,0.001,1.377
15,20,60,30,4,0.001,1.376
15,20,60,30,8,0.001,1.373
15,20,60,30,12,0.001,1.37
15,20,60,30,16,0.001,1.368
15,20,60,30,20,0.001,1.368
15,20,60,30,24,0.001,1.368
15,20,60,60,0,0.001,1.453
15,20,60,60,1,0.001,1.377
15,20,60,60,2,0.001,1.376
15,20,60,60,3,0.001,1.374
15,20,60,60,4,0.001,1.372
15,20,60,60,8,0.001,1.364
15,20,60,60,12,0.001,1.362
15,20,60,60,16,0.001,1.362
15,20,60,60,20,0.001,1.362
15,20,60,60,24,0.001,1.362
20,0,60,10,0,0.001,0.484
20,0,60,10,1,0.001,0.484
20,0,60,10,2,0.001,0.48
20,0,60,10,3,0.001,0.468
20,0,60,10,4,0.001,0.467
20,0,60,10,8,0.001,0.446
20,0,60,10,12,0.001,0.401
20,0,60,10,16,0.001,0.384
20,0,60,10,20,0.001,0.379
20,0,60,10,24,0.001,0.378
20,0,60,30,0,0.001,0.484
20,0,60,30,1,0.001,0.468
20,0,60,30,2,0.001,0.45
20,0,60,30,3,0.001,0.446
20,0,60,30,4,0.001,0.4
20,0,60,30,8,0.001,0.364
20,0,60,30,12,0.001,0.361
20,0,60,30,16,0.001,0.361
20,0,60,30,20,0.001,0.361
20,0,60,30,24,0.001,0.361
20,0,60,60,0,0.001,0.484
20,0,60,60,1,0.001,0.449
20,0,60,60,2,0.001,0.398
20,0,60,60,3,0.001,0.369
20,0,60,60,4,0.001,0.345
20,0,60,60,8,0.001,0.337
20,0,60,60,12,0.001,0.334
20,0,60,60,16,0.001,0.333
20,0,60,60,20,0.001,0.333
20,0,60,60,24,0.001,0.333
20,5,60,10,0,0.001,0.773
20,5,60,10,1,0.001,0.772
20,5,60,10,2,0.001,0.771
20,5,60,10,3,0.001,0.77
20,5,60,10,4,0.001,0.77
20,5,60,10,8,0.001,0.767
20,5,60,10,12,0.001,0.764
20,5,60,10,16,0.001,0.762
20,5,60,10,20,0.001,0.732
20,5,60,10,24,0.001,0.697
20,5,60,30,0,0.001,0.773
20,5,60,30,1,0.001,0.77
20,5,60,30,2,0.001,0.768
20,5,60,30,3,0.001,0.766
20,5,60,30,4,0.001,0.764
20,5,60,30,8,0.001,0.698
20,5,60,30,12,0.001,0.686
20,5,60,30,16,0.001,0.684
20,5,60,30,20,0.001,0.684
20,5,60,30,24,0.001,0.684
20,5,60,60,0,0.001,0.773
20,5,60,60,1,0.001,0.768
20,5,60,60,2,0.001,0.763
20,5,60,60,3,0.001,0.759
20,5,60,60,4,0.001,0.699
20,5,60,60,8,0.001,0.678
20,5,60,60,12,0.001,0.676
20,5,60,60,16,0.001,0.676
20,5,60,60,20,0.001,0.676
20,5,60,60,24,0.001,0.676
20,10,60,10,0,0.001,1.056
20,10,60,10,1,0.001,1.054
20,10,60,10,2,0.001,1.053
20,10,60,10,3,0.001,1.051
20,10,60,10,4,0.001,1.051
20,10,60,10,8,0.001,1.047
20,10,60,10,12,0.001,1.044
20,10,60,10,16,0.001,1.041
20,10,60,10,20,0.001,1.039
20,10,60,10,24,0.001,1.036
20,10,60,30,0,0.001,1.056
20,10,60,30,1,0.001,1.051
20,10,60,30,2,0.001,1.048
20,10,60,30,3,0.001,1.046
20,10,60,30,4,0.001,1.044
20,10,60,30,8,0.001,1.036
20,10,60,30,12,0.001,0.958
20,10,60,30,16,0.001,0.956
20,10,60,30,20,0.001,0.956
20,10,60,30,24,0.001,0.956
20,10,60,60,0,0.001,1.056
20,10,60,60,1,0.001,1.048
20,10,60,60,2,0.001,1.043
20,10,60,60,3,0.001,1.039
20,10,60,60,4,0.001,1.035
20,10,60,60,8,0.001,0.951
20,10,60,60,12,0.001,0.948
20,10,60,60,16,0.001,0.947
20,10,60,60,20,0.001,0.947
20,10,60,60,24,0.001,0.947
20,15,60,10,0,0.001,1.341
20,15,60,10,1,0.001,1.34
20,15,60,10,2,0.001,1.339
20,15,60,10,3,0.001,1.339
20,15,60,10,4,0.001,1.338
20,15,60,10,8,0.001,1.271
20,15,60,10,12,0.001,1.268
20,15,60,10,16,0.001,1.266
20,15,60,10,20,0.001,1.263
20,15,60,10,24,0.001,1.251
20,15,60,30,0,0.001,1.341
20,15,60,30,1,0.001,1.338
20,15,60,30,2,0.001,1.337
20,15,60,30,3,0.001,1.27
20,15,60,30,4,0.001,1.267
20,15,60,30,8,0.001,1.25
20,15,60,30,12,0.001,1.244
20,15,60,30,16,0.001,1.241
20,15,60,30,20,0.001,1.241
20,15,60,30,24,0.001,1.241
20,15,60,60,0,0.001,1.341
20,15,60,60,1,0.001,1.336
20,15,60,60,2,0.001,1.267
20,15,60,60,3,0.001,1.263
20,15,60,60,4,0.001,1.249
20,15,60,60,8,0.001,1.236
20,15,60,60,12,0.001,1.233
20,15,60,60,16,0.001,1.233
20,15,60,60,20,0.001,1.233
20,15,60,60,24,0.001,1.233
20,20,60,10,0,0.001,1.562
20,20,60,10,1,0.001,1.561
20,20,60,10,2,0.001,1.56
20,20,60,10,3,0.001,1.559
20,20,60,10,4,0.001,1.558
20,20,60,10,8,0.001,1.556
20,20,60,10,12,0.001,1.554
20,20,60,10,16,0.001,1.552
20,20,60,10,20,0.001,1.551
20,20,60,10,24,0.001,1.549
20,20,60,30,0,0.001,1.562
20,20,60,30,1,0.001,1.559
20,20,60,30,2,0.001,1.557
20,20,60,30,3,0.001,1.555
20,20,60,30,4,0.001,1.554
20,20,60,30,8,0.001,1.548
20,20,60,30,12,0.001,1.544
20,20,60,30,16,0.001,1.541
20,20,60,30,20,0.001,1.541
20,20,60,30,24,0.001,1.541
20,20,60,60,0,0.001,1.562
20,20,60,60,1,0.001,1.557
20,20,60,60,2,0.001,1.553
20,20,60,60,3,0.001,1.55
20,20,60,60,4,0.001,1.547
20,20,60,60,8,0.001,1.536
20,20,60,60,12,0.001,1.533
20,20,60,60,16,0.001,1.533
20,20,60,60,20,0.001,1.533
20,20,60,60,24,0.001,1.533
25,0,60,10,0,0.001,0.62
25,0,60,10,1,0.001,0.612
25,0,60,10,2,0.001,0.598
25,0,60,10,3,0.001,0.595
25,0,60,10,4,0.001,0.575
25,0,60,10,8,0.001,0.569
25,0,60,10,12,0.001,0.499
25,0,60,10,16,0.001,0.487
25,0,60,10,20,0.001,0.483
25,0,60,10,24,0.001,0.48
25,0,60,30,0,0.001,0.62
25,0,60,30,1,0.001,0.596
25,0,60,30,2,0.001,0.573
25,0,60,30,3,0.001,0.568
25,0,60,30,4,0.001,0.498
25,0,60,30,8,0.001,0.463
25,0,60,30,12,0.001,0.46
25,0,60,30,16,0.001,0.46
25,0,60,30,20,0.001,0.46
25,0,60,30,24,0.001,0.46
25,0,60,60,0,0.001,0.62
25,0,60,60,1,0.001,0.572
25,0,60,60,2,0.001,0.496
25,0,60,60,3,0.001,0.468
25,0,60,60,4,0.001,0.44
25,0,60,60,8,0.001,0.428
25,0,60,60,12,0.001,0.425
25,0,60,60,16,0.001,0.425
25,0,60,60,20,0.001,0.425
25,0,60,60,24,0.001,0.425
25,5,60,10,0,0.001,0.931
25,5,60,10,1,0.001,0.929
25,5,60,10,2,0.001,0.928
25,5,60,10,3,0.001,0.927
25,5,60,10,4,0.001,0.927
25,5,60,10,8,0.001,0.922
25,5,60,10,12,0.001,0.922
25,5,60,10,16,0.001,0.922
25,5,60,10,20,0.001,0.92
25,5,60,10,24,0.001,0.914
25,5,60,30,0,0.001,0.931
25,5,60,30,1,0.001,0.926
25,5,60,30,2,0.001,0.924
25,5,60,30,3,0.001,0.921
25,5,60,30,4,0.001,0.918
25,5,60,30,8,0.001,0.815
25,5,60,30,12,0.001,0.8
25,5,60,30,16,0.001,0.797
25,5,60,30,20,0.001,0.797
25,5,60,30,24,0.001,0.797
25,5,60,60,0,0.001,0.931
25,5,60,60,1,0.001,0.923
25,5,60,60,2,0.001,0.917
25,5,60,60,3,0.001,0.828
25,5,60,60,4,0.001,0.815
25,5,60,60,8,0.001,0.789
25,5,60,60,12,0.001,0.787
25,5,60,60,16,0.001,0.787
25,5,60,60,20,0.001,0.787
25,5,60,60,24,0.001,0.787
25,10,60,10,0,0.001,1.224
25,10,60,10,1,0.001,1.224
25,10,60,10,2,0.001,1.223
25,10,60,10,3,0.001,1.223
25,10,60,10,4,0.001,1.223
25,10,60,10,8,0.001,1.131
25,10,60,10,12,0.001,1.128
25,10,60,10,16,0.001,1.125
25,10,60,10,20,0.001,1.122
25,10,60,10,24,0.001,1.119
25,10,60,30,0,0.001,1.224
25,10,60,30,1,0.001,1.223
25,10,60,30,2,0.001,1.131
25,10,60,30,3,0.001,1.13
25,10,60,30,4,0.001,1.127
25,10,60,30,8,0.001,1.119
25,10,60,30,12,0.001,1.11
25,10,60,30,16,0.001,1.106
25,10,60,30,20,0.001,1.105
25,10,60,30,24,0.001,1.105
25,10,60,60,0,0.001,1.224
25,10,60,60,1,0.001,1.13
25,10,60,60,2,0.001,1.126
25,10,60,60,3,0.001,1.122
25,10,60,60,4,0.001,1.117
25,10,60,60,8,0.001,1.1
25,10,60,60,12,0.001,1.095
25,10,60,60,16,0.001,1.095
25,10,60,60,20,0.001,1.095
25,10,60,60,24,0.001,1.095
25,15,60,10,0,0.001,1.458
25,15,60,10,1,0.001,1.456
25,15,60,10,2,0.001,1.455
25,15,60,10,3,0.001,1.439
25,15,60,10,4,0.001,1.438
25,15,60,10,8,0.001,1.434
25,15,60,10,12,0.001,1.43
25,15,60,10,16,0.001,1.427
25,15,60,10,20,0.001,1.423
25,15,60,10,24,0.001,1.42
25,15,60,30,0,0.001,1.458
25,15,60,30,1,0.001,1.438
25,15,60,30,2,0.001,1.436
25,15,60,30,3,0.001,1.432
25,15,60,30,4,0.001,1.43
25,15,60,30,8,0.001,1.419
25,15,60,30,12,0.001,1.411
25,15,60,30,16,0.001,1.407
25,15,60,30,20,0.001,1.407
25,15,60,30,24,0.001,1.407
25,15,60,60,0,0.001,1.458
25,15,60,60,1,0.001,1.436
25,15,60,60,2,0.001,1.429
25,15,60,60,3,0.001,1.423
25,15,60,60,4,0.001,1.418
25,15,60,60,8,0.001,1.401
25,15,60,60,12,0.001,1.397
25,15,60,60,16,0.001,1.397
25,15,60,60,20,0.001,1.397
25,15,60,60,24,0.001,1.397
25,20,60,10,0,0.001,1.751
25,20,60,10,1,0.001,1.75
25,20,60,10,2,0.001,1.749
25,20,60,10,3,0.001,1.749
25,20,60,10,4,0.001,1.748
25,20,60,10,8,0.001,1.745
25,20,60,10,12,0.001,1.656
25,20,60,10,16,0.001,1.653
25,20,60,10,20,0.001,1.651
25,20,60,10,24,0.001,1.648
25,20,60,30,0,0.001,1.751
25,20,60,30,1,0.001,1.748
25,20,60,30,2,0.001,1.746
25,20,60,30,3,0.001,1.744
25,20,60,30,4,0.001,1.655
25,20,60,30,8,0.001,1.647
25,20,60,30,12,0.001,1.626
25,20,60,30,16,0.001,1.622
25,20,60,30,20,0.001,1.621
25,20,60,30,24,0.001,1.621
25,20,60,60,0,0.001,1.751
25,20,60,60,1,0.001,1.746
25,20,60,60,2,0.001,1.655
25,20,60,60,3,0.001,1.649
25,20,60,60,4,0.001,1.645
25,20,60,60,8,0.001,1.616
25,20,60,60,12,0.001,1.612
25,20,60,60,16,0.001,1.612
25,20,60,60,20,0.001,1.612
25,20,60,60,24,0.001,1.612
30,0,60,10,0,0.001,0.766
30,0,60,10,1,0.001,0.757
30,0,60,10,2,0.001,0.737
30,0,60,10,3,0.001,0.735
30,0,60,10,4,0.001,0.71
30,0,60,10,8,0.001,0.701
30,0,60,10,12,0.001,0.616
30,0,60,10,16,0.001,0.6
30,0,60,10,20,0.001,0.593
30,0,60,10,24,0.001,0.591
30,0,60,30,0,0.001,0.766
30,0,60,30,1,0.001,0.734
30,0,60,30,2,0.001,0.706
30,0,60,30,3,0.001,0.699
30,0,60,30,4,0.001,0.614
30,0,60,30,8,0.001,0.57
30,0,60,30,12,0.001,0.566
30,0,60,30,16,0.001,0.566
30,0,60,30,20,0.001,0.566
30,0,60,30,24,0.001,0.566
30,0,60,60,0,0.001,0.766
30,0,60,60,1,0.001,0.706
30,0,60,60,2,0.001,0.612
30,0,60,60,3,0.001,0.576
30,0,60,60,4,0.001,0.542
30,0,60,60,8,0.001,0.528
30,0,60,60,12,0.001,0.524
30,0,60,60,16,0.001,0.524
30,0,60,60,20,0.001,0.524
30,0,60,60,24,0.001,0.524
30,5,60,10,0,0.001,1.101
30,5,60,10,1,0.001,1.098
30,5,60,10,2,0.001,1.096
30,5,60,10,3,0.001,1.094
30,5,60,10,4,0.001,1.092
30,5,60,10,8,0.001,1.085
30,5,60,10,12,0.001,0.986
30,5,60,10,16,0.001,0.958
30,5,60,10,20,0.001,0.947
30,5,60,10,24,0.001,0.94
30,5,60,30,0,0.001,1.101
30,5,60,30,1,0.001,1.094
30,5,60,30,2,0.001,1.089
30,5,60,30,3,0.001,1.084
30,5,60,30,4,0.001,1.003
30,5,60,30,8,0.001,0.94
30,5,60,30,12,0.001,0.922
30,5,60,30,16,0.001,0.919
30,5,60,30,20,0.001,0.919
30,5,60,30,24,0.001,0.919
30,5,60,60,0,0.001,1.101
30,5,60,60,1,0.001,1.089
30,5,60,60,2,0.001,1.079
30,5,60,60,3,0.001,0.957
30,5,60,60,4,0.001,0.941
30,5,60,60,8,0.001,0.909
30,5,60,60,12,0.001,0.907
30,5,60,60,16,0.001,0.907
30,5,60,60,20,0.001,0.907
30,5,60,60,24,0.001,0.907
30,10,60,10,0,0.001,1.308
30,10,60,10,1,0.001,1.306
30,10,60,10,2,0.001,1.305
30,10,60,10,3,0.001,1.305
30,10,60,10,4,0.001,1.303
30,10,60,10,8,0.001,1.3
30,10,60,10,12,0.001,1.295
30,10,60,10,16,0.001,1.292
30,10,60,10,20,0.001,1.288
30,10,60,10,24,0.001,1.284
30,10,60,30,0,0.001,1.308
30,10,60,30,1,0.001,1.305
30,10,60,30,2,0.001,1.302
30,10,60,30,3,0.001,1.298
30,10,60,30,4,0.001,1.295
30,10,60,30,8,0.001,1.284
30,10,60,30,12,0.001,1.254
30,10,60,30,16,0.001,1.252
30,10,60,30,20,0.001,1.252
30,10,60,30,24,0.001,1.252
30,10,60,60,0,0.001,1.308
30,10,60,60,1,0.001,1.301
30,10,60,60,2,0.001,1.294
30,10,60,60,3,0.001,1.288
30,10,60,60,4,0.001,1.242
30,10,60,60,8,0.001,1.187
30,10,60,60,12,0.001,1.238
30,10,60,60,16,0.001,1.238
30,10,60,60,20,0.001,1.238
30,10,60,60,24,0.001,1.238
30,15,60,10,0,0.001,1.633
30,15,60,10,1,0.001,1.631
30,15,60,10,2,0.001,1.628
30,15,60,10,3,0.001,1.627
30,15,60,10,4,0.001,1.625
30,15,60,10,8,0.001,1.62
30,15,60,10,12,0.001,1.615
30,15,60,10,16,0.001,1.499
30,15,60,10,20,0.001,1.496
30,15,60,10,24,0.001,1.494
30,15,60,30,0,0.001,1.633
30,15,60,30,1,0.001,1.627
30,15,60,30,2,0.001,1.622
30,15,60,30,3,0.001,1.619
30,15,60,30,4,0.001,1.615
30,15,60,30,8,0.001,1.494
30,15,60,30,12,0.001,1.483
30,15,60,30,16,0.001,1.478
30,15,60,30,20,0.001,1.477
30,15,60,30,24,0.001,1.477
30,15,60,60,0,0.001,1.633
30,15,60,60,1,0.001,1.621
30,15,60,60,2,0.001,1.614
30,15,60,60,3,0.001,1.496
30,15,60,60,4,0.001,1.491
30,15,60,60,8,0.001,1.471
30,15,60,60,12,0.001,1.466
30,15,60,60,16,0.001,1.465
30,15,60,60,20,0.001,1.465
30,15,60,60,24,0.001,1.465
30,20,60,10,0,0.001,1.863
30,20,60,10,1,0.001,1.861
30,20,60,10,2,0.001,1.859
30,20,60,10,3,0.001,1.858
30,20,60,10,4,0.001,1.856
30,20,60,10,8,0.001,1.834
30,20,60,10,12,0.001,1.83
30,20,60,10,16,0.001,1.826
30,20,60,10,20,0.001,1.822
30,20,60,10,24,0.001,1.819
30,20,60,30,0,0.001,1.863
30,20,60,30,1,0.001,1.858
30,20,60,30,2,0.001,1.837
30,20,60,30,3,0.001,1.833
30,20,60,30,4,0.001,1.83
30,20,60,30,8,0.001,1.818
30,20,60,30,12,0.001,1.807
30,20,60,30,16,0.001,1.803
30,20,60,30,20,0.001,1.802
30,20,60,30,24,0.001,1.802
30,20,60,60,0,0.001,1.863
30,20,60,60,1,0.001,1.836
30,20,60,60,2,0.001,1.829
30,20,60,60,3,0.001,1.822
30,20,60,60,4,0.001,1.819
30,20,60,60,8,0.001,1.795
30,20,60,60,12,0.001,1.79
30,20,60,60,16,0.001,1.79
30,20,60,60,20,0.001,1.79
30,20,60,60,24,0.001,1.79
15,0,75,10,0,0.001,0.293
15,0,75,10,1,0.001,0.288
15,0,75,10,2,0.001,0.284
15,0,75,10,3,0.001,0.282
15,0,75,10,4,0.001,0.28
15,0,75,10,8,0.001,0.268
15,0,75,10,12,0.001,0.255
15,0,75,10,16,0.001,0.245
15,0,75,10,20,0.001,0.237
15,0,75,10,24,0.001,0.232
15,0,75,30,0,0.001,0.293
15,0,75,30,1,0.001,0.282
15,0,75,30,2,0.001,0.275
15,0,75,30,3,0.001,0.266
15,0,75,30,4,0.001,0.257
15,0,75,30,8,0.001,0.227
15,0,75,30,12,0.001,0.221
15,0,75,30,16,0.001,0.22
15,0,75,30,20,0.001,0.22
15,0,75,30,24,0.001,0.22
15,0,75,60,0,0.001,0.293
15,0,75,60,1,0.001,0.274
15,0,75,60,2,0.001,0.257
15,0,75,60,3,0.001,0.233
15,0,75,60,4,0.001,0.219
15,0,75,60,8,0.001,0.214
15,0,75,60,12,0.001,0.214
15,0,75,60,16,0.001,0.214
15,0,75,60,20,0.001,0.214
15,0,75,60,24,0.001,0.214
15,5,75,10,0,0.001,0.556
15,5,75,10,1,0.001,0.554
15,5,75,10,2,0.001,0.552
15,5,75,10,3,0.001,0.55
15,5,75,10,4,0.001,0.549
15,5,75,10,8,0.001,0.544
15,5,75,10,12,0.001,0.538
15,5,75,10,16,0.001,0.534
15,5,75,10,20,0.001,0.529
15,5,75,10,24,0.001,0.524
15,5,75,30,0,0.001,0.556
15,5,75,30,1,0.001,0.55
15,5,75,30,2,0.001,0.547
15,5,75,30,3,0.001,0.543
15,5,75,30,4,0.001,0.539
15,5,75,30,8,0.001,0.526
15,5,75,30,12,0.001,0.513
15,5,75,30,16,0.001,0.51
15,5,75,30,20,0.001,0.51
15,5,75,30,24,0.001,0.51
15,5,75,60,0,0.001,0.556
15,5,75,60,1,0.001,0.546
15,5,75,60,2,0.001,0.539
15,5,75,60,3,0.001,0.533
15,5,75,60,4,0.001,0.526
15,5,75,60,8,0.001,0.506
15,5,75,60,12,0.001,0.504
15,5,75,60,16,0.001,0.504
15,5,75,60,20,0.001,0.504
15,5,75,60,24,0.001,0.504
15,10,75,10,0,0.001,0.777
15,10,75,10,1,0.001,0.774
15,10,75,10,2,0.001,0.772
15,10,75,10,3,0.001,0.771
15,10,75,10,4,0.001,0.769
15,10,75,10,8,0.001,0.765
15,10,75,10,12,0.001,0.758
15,10,75,10,16,0.001,0.755
15,10,75,10,20,0.001,0.749
15,10,75,10,24,0.001,0.744
15,10,75,30,0,0.001,0.777
15,10,75,30,1,0.001,0.77
15,10,75,30,2,0.001,0.767
15,10,75,30,3,0.001,0.728
15,10,75,30,4,0.001,0.722
15,10,75,30,8,0.001,0.746
15,10,75,30,12,0.001,0.733
15,10,75,30,16,0.001,0.703
15,10,75,30,20,0.001,0.703
15,10,75,30,24,0.001,0.703
15,10,75,60,0,0.001,0.777
15,10,75,60,1,0.001,0.767
15,10,75,60,2,0.001,0.725
15,10,75,60,3,0.001,0.72
15,10,75,60,4,0.001,0.72
15,10,75,60,8,0.001,0.701
15,10,75,60,12,0.001,0.724
15,10,75,60,16,0.001,0.724
15,10,75,60,20,0.001,0.724
15,10,75,60,24,0.001,0.724
15,15,75,10,0,0.001,0.994
15,15,75,10,1,0.001,0.985
15,15,75,10,2,0.001,0.984
15,15,75,10,3,0.001,0.983
15,15,75,10,4,0.001,0.982
15,15,75,10,8,0.001,0.98
15,15,75,10,12,0.001,0.976
15,15,75,10,16,0.001,0.973
15,15,75,10,20,0.001,0.971
15,15,75,10,24,0.001,0.969
15,15,75,30,0,0.001,0.994
15,15,75,30,1,0.001,0.983
15,15,75,30,2,0.001,0.981
15,15,75,30,3,0.001,0.979
15,15,75,30,4,0.001,0.975
15,15,75,30,8,0.001,0.97
15,15,75,30,12,0.001,0.963
15,15,75,30,16,0.001,0.961
15,15,75,30,20,0.001,0.96
15,15,75,30,24,0.001,0.96
15,15,75,60,0,0.001,0.994
15,15,75,60,1,0.001,0.98
15,15,75,60,2,0.001,0.975
15,15,75,60,3,0.001,0.973
15,15,75,60,4,0.001,0.969
15,15,75,60,8,0.001,0.96
15,15,75,60,12,0.001,0.956
15,15,75,60,16,0.001,0.956
15,15,75,60,20,0.001,0.956
15,15,75,60,24,0.001,0.956
15,20,75,10,0,0.001,1.179
15,20,75,10,1,0.001,1.177
15,20,75,10,2,0.001,1.176
15,20,75,10,3,0.001,1.175
15,20,75,10,4,0.001,1.174
15,20,75,10,8,0.001,1.171
15,20,75,10,12,0.001,1.167
15,20,75,10,16,0.001,1.165
15,20,75,10,20,0.001,1.163
15,20,75,10,24,0.001,1.16
15,20,75,30,0,0.001,1.179
15,20,75,30,1,0.001,1.175
15,20,75,30,2,0.001,1.172
15,20,75,30,3,0.001,1.17
15,20,75,30,4,0.001,1.168
15,20,75,30,8,0.001,1.161
15,20,75,30,12,0.001,1.164
15,20,75,30,16,0.001,1.152
15,20,75,30,20,0.001,1.152
15,20,75,30,24,0.001,1.152
15,20,75,60,0,0.001,1.179
15,20,75,60,1,0.001,1.183
15,20,75,60,2,0.001,1.168
15,20,75,60,3,0.001,1.164
15,20,75,60,4,0.001,1.161
15,20,75,60,8,0.001,1.15
15,20,75,60,12,0.001,1.148
15,20,75,60,16,0.001,1.148
15,20,75,60,20,0.001,1.148
15,20,75,60,24,0.001,1.148
20,0,75,10,0,0.001,0.395
20,0,75,10,1,0.001,0.389
20,0,75,10,2,0.001,0.384
20,0,75,10,3,0.001,0.381
20,0,75,10,4,0.001,0.378
20,0,75,10,8,0.001,0.362
20,0,75,10,12,0.001,0.344
20,0,75,10,16,0.001,0.331
20,0,75,10,20,0.001,0.321
20,0,75,10,24,0.001,0.314
20,0,75,30,0,0.001,0.395
20,0,75,30,1,0.001,0.381
20,0,75,30,2,0.001,0.371
20,0,75,30,3,0.001,0.36
20,0,75,30,4,0.001,0.347
20,0,75,30,8,0.001,0.307
20,0,75,30,12,0.001,0.299
20,0,75,30,16,0.001,0.298
20,0,75,30,20,0.001,0.298
20,0,75,30,24,0.001,0.298
20,0,75,60,0,0.001,0.395
20,0,75,60,1,0.001,0.37
20,0,75,60,2,0.001,0.347
20,0,75,60,3,0.001,0.323
20,0,75,60,4,0.001,0.301
20,0,75,60,8,0.001,0.289
20,0,75,60,12,0.001,0.289
20,0,75,60,16,0.001,0.289
20,0,75,60,20,0.001,0.289
20,0,75,60,24,0.001,0.289
20,5,75,10,0,0.001,0.675
20,5,75,10,1,0.001,0.671
20,5,75,10,2,0.001,0.669
20,5,75,10,3,0.001,0.667
20,5,75,10,4,0.001,0.665
20,5,75,10,8,0.001,0.658
20,5,75,10,12,0.001,0.651
20,5,75,10,16,0.001,0.645
20,5,75,10,20,0.001,0.638
20,5,75,10,24,0.001,0.632
20,5,75,30,0,0.001,0.675
20,5,75,30,1,0.001,0.667
20,5,75,30,2,0.001,0.662
20,5,75,30,3,0.001,0.657
20,5,75,30,4,0.001,0.652
20,5,75,30,8,0.001,0.635
20,5,75,30,12,0.001,0.618
20,5,75,30,16,0.001,0.613
20,5,75,30,20,0.001,0.613
20,5,75,30,24,0.001,0.613
20,5,75,60,0,0.001,0.675
20,5,75,60,1,0.001,0.661
20,5,75,60,2,0.001,0.652
20,5,75,60,3,0.001,0.643
20,5,75,60,4,0.001,0.635
20,5,75,60,8,0.001,0.608
20,5,75,60,12,0.001,0.606
20,5,75,60,16,0.001,0.606
20,5,75,60,20,0.001,0.606
20,5,75,60,24,0.001,0.606
20,10,75,10,0,0.001,0.896
20,10,75,10,1,0.001,0.892
20,10,75,10,2,0.001,0.89
20,10,75,10,3,0.001,0.887
20,10,75,10,4,0.001,0.886
20,10,75,10,8,0.001,0.879
20,10,75,10,12,0.001,0.871
20,10,75,10,16,0.001,0.865
20,10,75,10,20,0.001,0.858
20,10,75,10,24,0.001,0.852
20,10,75,30,0,0.001,0.896
20,10,75,30,1,0.001,0.887
20,10,75,30,2,0.001,0.883
20,10,75,30,3,0.001,0.878
20,10,75,30,4,0.001,0.872
20,10,75,30,8,0.001,0.855
20,10,75,30,12,0.001,0.838
20,10,75,30,16,0.001,0.832
20,10,75,30,20,0.001,0.832
20,10,75,30,24,0.001,0.824
20,10,75,60,0,0.001,0.896
20,10,75,60,1,0.001,0.882
20,10,75,60,2,0.001,0.872
20,10,75,60,3,0.001,0.864
20,10,75,60,4,0.001,0.855
20,10,75,60,8,0.001,0.828
20,10,75,60,12,0.001,0.825
20,10,75,60,16,0.001,0.825
20,10,75,60,20,0.001,0.825
20,10,75,60,24,0.001,0.825
20,15,75,10,0,0.001,1.134
20,15,75,10,1,0.001,1.132
20,15,75,10,2,0.001,1.13
20,15,75,10,3,0.001,1.129
20,15,75,10,4,0.001,1.128
20,15,75,10,8,0.001,1.045
20,15,75,10,12,0.001,1.04
20,15,75,10,16,0.001,1.035
20,15,75,10,20,0.001,1.079
20,15,75,10,24,0.001,1.072
20,15,75,30,0,0.001,1.134
20,15,75,30,1,0.001,1.129
20,15,75,30,2,0.001,1.126
20,15,75,30,3,0.001,1.044
20,15,75,30,4,0.001,1.041
20,15,75,30,8,0.001,1.029
20,15,75,30,12,0.001,1.017
20,15,75,30,16,0.001,1.011
20,15,75,30,20,0.001,1.011
20,15,75,30,24,0.001,1.011
20,15,75,60,0,0.001,1.134
20,15,75,60,1,0.001,1.126
20,15,75,60,2,0.001,1.041
20,15,75,60,3,0.001,1.034
20,15,75,60,4,0.001,1.023
20,15,75,60,8,0.001,1.008
20,15,75,60,12,0.001,1.005
20,15,75,60,16,0.001,1.005
20,15,75,60,20,0.001,1.005
20,15,75,60,24,0.001,1.005
20,20,75,10,0,0.001,1.325
20,20,75,10,1,0.001,1.323
20,20,75,10,2,0.001,1.321
20,20,75,10,3,0.001,1.32
20,20,75,10,4,0.001,1.319
20,20,75,10,8,0.001,1.315
20,20,75,10,12,0.001,1.31
20,20,75,10,16,0.001,1.307
20,20,75,10,20,0.001,1.304
20,20,75,10,24,0.001,1.301
20,20,75,30,0,0.001,1.325
20,20,75,30,1,0.001,1.324
20,20,75,30,2,0.001,1.323
20,20,75,30,3,0.001,1.322
20,20,75,30,4,0.001,1.306
20,20,75,30,8,0.001,1.302
20,20,75,30,12,0.001,1.299
20,20,75,30,16,0.001,1.29
20,20,75,30,20,0.001,1.289
20,20,75,30,24,0.001,1.289
20,20,75,60,0,0.001,1.325
20,20,75,60,1,0.001,1.325
20,20,75,60,2,0.001,1.311
20,20,75,60,3,0.001,1.306
20,20,75,60,4,0.001,1.302
20,20,75,60,8,0.001,1.29
20,20,75,60,12,0.001,1.289
20,20,75,60,16,0.001,1.289
20,20,75,60,20,0.001,1.289
20,20,75,60,24,0.001,1.289
25,0,75,10,0,0.001,0.58
25,0,75,10,1,0.001,0.492
25,0,75,10,2,0.001,0.486
25,0,75,10,3,0.001,0.482
25,0,75,10,4,0.001,0.478
25,0,75,10,8,0.001,0.459
25,0,75,10,12,0.001,0.437
25,0,75,10,16,0.001,0.421
25,0,75,10,20,0.001,0.407
25,0,75,10,24,0.001,0.4
25,0,75,30,0,0.001,0.58
25,0,75,30,1,0.001,0.482
25,0,75,30,2,0.001,0.47
25,0,75,30,3,0.001,0.456
25,0,75,30,4,0.001,0.44
25,0,75,30,8,0.001,0.389
25,0,75,30,12,0.001,0.381
25,0,75,30,16,0.001,0.38
25,0,75,30,20,0.001,0.38
25,0,75,30,24,0.001,0.38
25,0,75,60,0,0.001,0.58
25,0,75,60,1,0.001,0.469
25,0,75,60,2,0.001,0.44
25,0,75,60,3,0.001,0.409
25,0,75,60,4,0.001,0.382
25,0,75,60,8,0.001,0.366
25,0,75,60,12,0.001,0.366
25,0,75,60,16,0.001,0.366
25,0,75,60,20,0.001,0.366
25,0,75,60,24,0.001,0.366
25,5,75,10,0,0.001,0.799
25,5,75,10,1,0.001,0.794
25,5,75,10,2,0.001,0.791
25,5,75,10,3,0.001,0.788
25,5,75,10,4,0.001,0.786
25,5,75,10,8,0.001,0.778
25,5,75,10,12,0.001,0.769
25,5,75,10,16,0.001,0.761
25,5,75,10,20,0.001,0.753
25,5,75,10,24,0.001,0.73
25,5,75,30,0,0.001,0.799
25,5,75,30,1,0.001,0.788
25,5,75,30,2,0.001,0.783
25,5,75,30,3,0.001,0.776
25,5,75,30,4,0.001,0.77
25,5,75,30,8,0.001,0.729
25,5,75,30,12,0.001,0.706
25,5,75,30,16,0.001,0.706
25,5,75,30,20,0.001,0.706
25,5,75,30,24,0.001,0.706
25,5,75,60,0,0.001,0.799
25,5,75,60,1,0.001,0.782
25,5,75,60,2,0.001,0.77
25,5,75,60,3,0.001,0.76
25,5,75,60,4,0.001,0.725
25,5,75,60,8,0.001,0.693
25,5,75,60,12,0.001,0.693
25,5,75,60,16,0.001,0.693
25,5,75,60,20,0.001,0.693
25,5,75,60,24,0.001,0.693
25,10,75,10,0,0.001,1.019
25,10,75,10,1,0.001,1.015
25,10,75,10,2,0.001,1.011
25,10,75,10,3,0.001,1.009
25,10,75,10,4,0.001,1.006
25,10,75,10,8,0.001,0.998
25,10,75,10,12,0.001,0.989
25,10,75,10,16,0.001,0.981
25,10,75,10,20,0.001,0.873
25,10,75,10,24,0.001,0.965
25,10,75,30,0,0.001,1.019
25,10,75,30,1,0.001,1.009
25,10,75,30,2,0.001,1.003
25,10,75,30,3,0.001,0.997
25,10,75,30,4,0.001,0.99
25,10,75,30,8,0.001,0.968
25,10,75,30,12,0.001,0.947
25,10,75,30,16,0.001,0.941
25,10,75,30,20,0.001,0.941
25,10,75,30,24,0.001,0.941
25,10,75,60,0,0.001,1.019
25,10,75,60,1,0.001,1.002
25,10,75,60,2,0.001,0.99
25,10,75,60,3,0.001,0.979
25,10,75,60,4,0.001,0.968
25,10,75,60,8,0.001,0.933
25,10,75,60,12,0.001,0.932
25,10,75,60,16,0.001,0.932
25,10,75,60,20,0.001,0.932
25,10,75,60,24,0.001,0.932
25,15,75,10,0,0.001,1.24
25,15,75,10,1,0.001,1.287
25,15,75,10,2,0.001,1.232
25,15,75,10,3,0.001,1.23
25,15,75,10,4,0.001,1.227
25,15,75,10,8,0.001,1.218
25,15,75,10,12,0.001,1.209
25,15,75,10,16,0.001,1.202
25,15,75,10,20,0.001,1.193
25,15,75,10,24,0.001,1.185
25,15,75,30,0,0.001,1.24
25,15,75,30,1,0.001,1.229
25,15,75,30,2,0.001,1.223
25,15,75,30,3,0.001,1.217
25,15,75,30,4,0.001,1.211
25,15,75,30,8,0.001,1.195
25,15,75,30,12,0.001,1.163
25,15,75,30,16,0.001,1.161
25,15,75,30,20,0.001,1.161
25,15,75,30,24,0.001,1.161
25,15,75,60,0,0.001,1.24
25,15,75,60,1,0.001,1.223
25,15,75,60,2,0.001,1.21
25,15,75,60,3,0.001,1.2
25,15,75,60,4,0.001,1.159
25,15,75,60,8,0.001,1.155
25,15,75,60,12,0.001,1.153
25,15,75,60,16,0.001,1.153
25,15,75,60,20,0.001,1.153
25,15,75,60,24,0.001,1.153
25,20,75,10,0,0.001,1.461
25,20,75,10,1,0.001,1.477
25,20,75,10,2,0.001,1.475
25,20,75,10,3,0.001,1.473
25,20,75,10,4,0.001,1.472
25,20,75,10,8,0.001,1.467
25,20,75,10,12,0.001,1.459
25,20,75,10,16,0.001,1.458
25,20,75,10,20,0.001,1.456
25,20,75,10,24,0.001,1.452
25,20,75,30,0,0.001,1.461
25,20,75,30,1,0.001,1.473
25,20,75,30,2,0.001,1.47
25,20,75,30,3,0.001,1.466
25,20,75,30,4,0.001,1.462
25,20,75,30,8,0.001,1.454
25,20,75,30,12,0.001,1.443
25,20,75,30,16,0.001,1.326
25,20,75,30,20,0.001,1.325
25,20,75,30,24,0.001,1.325
25,20,75,60,0,0.001,1.461
25,20,75,60,1,0.001,1.474
25,20,75,60,2,0.001,1.462
25,20,75,60,3,0.001,1.454
25,20,75,60,4,0.001,1.447
25,20,75,60,8,0.001,1.433
25,20,75,60,12,0.001,1.373
25,20,75,60,16,0.001,1.373
25,20,75,60,20,0.001,1.373
25,20,75,60,24,0.001,1.373
30,0,75,10,0,0.001,0.714
30,0,75,10,1,0.001,0.694
30,0,75,10,2,0.001,0.597
30,0,75,10,3,0.001,0.591
30,0,75,10,4,0.001,0.587
30,0,75,10,8,0.001,0.563
30,0,75,10,12,0.001,0.537
30,0,75,10,16,0.001,0.521
30,0,75,10,20,0.001,0.501
30,0,75,10,24,0.001,0.492
30,0,75,30,0,0.001,0.714
30,0,75,30,1,0.001,0.591
30,0,75,30,2,0.001,0.577
30,0,75,30,3,0.001,0.56
30,0,75,30,4,0.001,0.541
30,0,75,30,8,0.001,0.479
30,0,75,30,12,0.001,0.469
30,0,75,30,16,0.001,0.468
30,0,75,30,20,0.001,0.468
30,0,75,30,24,0.001,0.468
30,0,75,60,0,0.001,0.714
30,0,75,60,1,0.001,0.576
30,0,75,60,2,0.001,0.54
30,0,75,60,3,0.001,0.502
30,0,75,60,4,0.001,0.47
30,0,75,60,8,0.001,0.45
30,0,75,60,12,0.001,0.45
30,0,75,60,16,0.001,0.45
30,0,75,60,20,0.001,0.45
30,0,75,60,24,0.001,0.45
30,5,75,10,0,0.001,0.933
30,5,75,10,1,0.001,0.927
30,5,75,10,2,0.001,0.923
30,5,75,10,3,0.001,0.92
30,5,75,10,4,0.001,0.918
30,5,75,10,8,0.001,0.907
30,5,75,10,12,0.001,0.897
30,5,75,10,16,0.001,0.858
30,5,75,10,20,0.001,0.83
30,5,75,10,24,0.001,0.825
30,5,75,30,0,0.001,0.933
30,5,75,30,1,0.001,0.92
30,5,75,30,2,0.001,0.913
30,5,75,30,3,0.001,0.903
30,5,75,30,4,0.001,0.893
30,5,75,30,8,0.001,0.856
30,5,75,30,12,0.001,0.794
30,5,75,30,16,0.001,0.794
30,5,75,30,20,0.001,0.794
30,5,75,30,24,0.001,0.794
30,5,75,60,0,0.001,0.933
30,5,75,60,1,0.001,0.913
30,5,75,60,2,0.001,0.892
30,5,75,60,3,0.001,0.834
30,5,75,60,4,0.001,0.814
30,5,75,60,8,0.001,0.777
30,5,75,60,12,0.001,0.777
30,5,75,60,16,0.001,0.777
30,5,75,60,20,0.001,0.777
30,5,75,60,24,0.001,0.777
30,10,75,10,0,0.001,1.245
30,10,75,10,1,0.001,1.147
30,10,75,10,2,0.001,1.143
30,10,75,10,3,0.001,1.14
30,10,75,10,4,0.001,1.138
30,10,75,10,8,0.001,1.127
30,10,75,10,12,0.001,1.116
30,10,75,10,16,0.001,1.107
30,10,75,10,20,0.001,1.097
30,10,75,10,24,0.001,1.087
30,10,75,30,0,0.001,1.245
30,10,75,30,1,0.001,1.14
30,10,75,30,2,0.001,1.133
30,10,75,30,3,0.001,1.12
30,10,75,30,4,0.001,1.118
30,10,75,30,8,0.001,1.092
30,10,75,30,12,0.001,1.067
30,10,75,30,16,0.001,1.059
30,10,75,30,20,0.001,1.059
30,10,75,30,24,0.001,1.059
30,10,75,60,0,0.001,1.245
30,10,75,60,1,0.001,1.133
30,10,75,60,2,0.001,1.118
30,10,75,60,3,0.001,1.105
30,10,75,60,4,0.001,1.092
30,10,75,60,8,0.001,1.052
30,10,75,60,12,0.001,1.049
30,10,75,60,16,0.001,1.049
30,10,75,60,20,0.001,1.049
30,10,75,60,24,0.001,1.049
30,15,75,10,0,0.001,1.373
30,15,75,10,1,0.001,1.368
30,15,75,10,2,0.001,1.364
30,15,75,10,3,0.001,1.361
30,15,75,10,4,0.001,1.358
30,15,75,10,8,0.001,1.347
30,15,75,10,12,0.001,1.339
30,15,75,10,16,0.001,1.327
30,15,75,10,20,0.001,1.317
30,15,75,10,24,0.001,1.307
30,15,75,30,0,0.001,1.373
30,15,75,30,1,0.001,1.36
30,15,75,30,2,0.001,1.354
30,15,75,30,3,0.001,1.346
30,15,75,30,4,0.001,1.338
30,15,75,30,8,0.001,1.311
30,15,75,30,12,0.001,1.286
30,15,75,30,16,0.001,1.279
30,15,75,30,20,0.001,1.278
30,15,75,30,24,0.001,1.278
30,15,75,60,0,0.001,1.373
30,15,75,60,1,0.001,1.353
30,15,75,60,2,0.001,1.338
30,15,75,60,3,0.001,1.325
30,15,75,60,4,0.001,1.312
30,15,75,60,8,0.001,1.271
30,15,75,60,12,0.001,1.268
30,15,75,60,16,0.001,1.268
30,15,75,60,20,0.001,1.268
30,15,75,60,24,0.001,1.268
30,20,75,10,0,0.001,1.595
30,20,75,10,1,0.001,1.589
30,20,75,10,2,0.001,1.584
30,20,75,10,3,0.001,1.582
30,20,75,10,4,0.001,1.579
30,20,75,10,8,0.001,1.568
30,20,75,10,12,0.001,1.557
30,20,75,10,16,0.001,1.545
30,20,75,10,20,0.001,1.538
30,20,75,10,24,0.001,1.53
30,20,75,30,0,0.001,1.595
30,20,75,30,1,0.001,1.581
30,20,75,30,2,0.001,1.574
30,20,75,30,3,0.001,1.567
30,20,75,30,4,0.001,1.559
30,20,75,30,8,0.001,1.524
30,20,75,30,12,0.001,1.506
30,20,75,30,16,0.001,1.499
30,20,75,30,20,0.001,1.498
30,20,75,30,24,0.001,1.498
30,20,75,60,0,0.001,1.595
30,20,75,60,1,0.001,1.573
30,20,75,60,2,0.001,1.559
30,20,75,60,3,0.001,1.545
30,20,75,60,4,0.001,1.532
30,20,75,60,8,0.001,1.491
30,20,75,60,12,0.001,1.488
30,20,75,60,16,0.001,1.488
30,20,75,60,20,0.001,1.488
30,20,75,60,24,0.001,1.488
15,0,90,10,0,0.001,0.222
15,0,90,10,1,0.001,0.217
15,0,90,10,2,0.001,0.215
15,0,90,10,3,0.001,0.214
15,0,90,10,4,0.001,0.212
15,0,90,10,8,0.001,0.207
15,0,90,10,12,0.001,0.202
15,0,90,10,16,0.001,0.198
15,0,90,10,20,0.001,0.193
15,0,90,10,24,0.001,0.188
15,0,90,30,0,0.001,0.222
15,0,90,30,1,0.001,0.213
15,0,90,30,2,0.001,0.21
15,0,90,30,3,0.001,0.206
15,0,90,30,4,0.001,0.203
15,0,90,30,8,0.001,0.191
15,0,90,30,12,0.001,0.18
15,0,90,30,16,0.001,0.176
15,0,90,30,20,0.001,0.171
15,0,90,30,24,0.001,0.171
15,0,90,60,0,0.001,0.222
15,0,90,60,1,0.001,0.21
15,0,90,60,2,0.001,0.203
15,0,90,60,3,0.001,0.197
15,0,90,60,4,0.001,0.192
15,0,90,60,8,0.001,0.176
15,0,90,60,12,0.001,0.167
15,0,90,60,16,0.001,0.167
15,0,90,60,20,0.001,0.167
15,0,90,60,24,0.001,0.167
15,5,90,10,0,0.001,0.439
15,5,90,10,1,0.001,0.437
15,5,90,10,2,0.001,0.436
15,5,90,10,3,0.001,0.435
15,5,90,10,4,0.001,0.434
15,5,90,10,8,0.001,0.43
15,5,90,10,12,0.001,0.426
15,5,90,10,16,0.001,0.422
15,5,90,10,20,0.001,0.419
15,5,90,10,24,0.001,0.416
15,5,90,30,0,0.001,0.439
15,5,90,30,1,0.001,0.435
15,5,90,30,2,0.001,0.433
15,5,90,30,3,0.001,0.43
15,5,90,30,4,0.001,0.427
15,5,90,30,8,0.001,0.418
15,5,90,30,12,0.001,0.41
15,5,90,30,16,0.001,0.405
15,5,90,30,20,0.001,0.402
15,5,90,30,24,0.001,0.402
15,5,90,60,0,0.001,0.439
15,5,90,60,1,0.001,0.433
15,5,90,60,2,0.001,0.427
15,5,90,60,3,0.001,0.422
15,5,90,60,4,0.001,0.418
15,5,90,60,8,0.001,0.404
15,5,90,60,12,0.001,0.399
15,5,90,60,16,0.001,0.398
15,5,90,60,20,0.001,0.398
15,5,90,60,24,0.001,0.398
15,10,90,10,0,0.001,0.608
15,10,90,10,1,0.001,0.609
15,10,90,10,2,0.001,0.607
15,10,90,10,3,0.001,0.606
15,10,90,10,4,0.001,0.605
15,10,90,10,8,0.001,0.601
15,10,90,10,12,0.001,0.596
15,10,90,10,16,0.001,0.593
15,10,90,10,20,0.001,0.59
15,10,90,10,24,0.001,0.587
15,10,90,30,0,0.001,0.608
15,10,90,30,1,0.001,0.606
15,10,90,30,2,0.001,0.603
15,10,90,30,3,0.001,0.6
15,10,90,30,4,0.001,0.597
15,10,90,30,8,0.001,0.589
15,10,90,30,12,0.001,0.581
15,10,90,30,16,0.001,0.569
15,10,90,30,20,0.001,0.568
15,10,90,30,24,0.001,0.567
15,10,90,60,0,0.001,0.608
15,10,90,60,1,0.001,0.603
15,10,90,60,2,0.001,0.597
15,10,90,60,3,0.001,0.593
15,10,90,60,4,0.001,0.589
15,10,90,60,8,0.001,0.569
15,10,90,60,12,0.001,0.564
15,10,90,60,16,0.001,0.564
15,10,90,60,20,0.001,0.564
15,10,90,60,24,0.001,0.564
15,15,90,10,0,0.001,0.783
15,15,90,10,1,0.001,0.78
15,15,90,10,2,0.001,0.762
15,15,90,10,3,0.001,0.777
15,15,90,10,4,0.001,0.776
15,15,90,10,8,0.001,0.771
15,15,90,10,12,0.001,0.767
15,15,90,10,16,0.001,0.764
15,15,90,10,20,0.001,0.761
15,15,90,10,24,0.001,0.758
15,15,90,30,0,0.001,0.783
15,15,90,30,1,0.001,0.777
15,15,90,30,2,0.001,0.774
15,15,90,30,3,0.001,0.771
15,15,90,30,4,0.001,0.768
15,15,90,30,8,0.001,0.759
15,15,90,30,12,0.001,0.752
15,15,90,30,16,0.001,0.746
15,15,90,30,20,0.001,0.744
15,15,90,30,24,0.001,0.743
15,15,90,60,0,0.001,0.783
15,15,90,60,1,0.001,0.774
15,15,90,60,2,0.001,0.768
15,15,90,60,3,0.001,0.763
15,15,90,60,4,0.001,0.759
15,15,90,60,8,0.001,0.743
15,15,90,60,12,0.001,0.74
15,15,90,60,16,0.001,0.739
15,15,90,60,20,0.001,0.739
15,15,90,60,24,0.001,0.739
15,20,90,10,0,0.001,0.981
15,20,90,10,1,0.001,0.98
15,20,90,10,2,0.001,0.979
15,20,90,10,3,0.001,0.977
15,20,90,10,4,0.001,0.977
15,20,90,10,8,0.001,0.974
15,20,90,10,12,0.001,0.971
15,20,90,10,16,0.001,0.969
15,20,90,10,20,0.001,0.967
15,20,90,10,24,0.001,0.965
15,20,90,30,0,0.001,0.981
15,20,90,30,1,0.001,0.977
15,20,90,30,2,0.001,0.976
15,20,90,30,3,0.001,0.974
15,20,90,30,4,0.001,0.972
15,20,90,30,8,0.001,0.966
15,20,90,30,12,0.001,0.961
15,20,90,30,16,0.001,0.957
15,20,90,30,20,0.001,0.956
15,20,90,30,24,0.001,0.956
15,20,90,60,0,0.001,0.981
15,20,90,60,1,0.001,0.976
15,20,90,60,2,0.001,0.972
15,20,90,60,3,0.001,0.969
15,20,90,60,4,0.001,0.966
15,20,90,60,8,0.001,0.956
15,20,90,60,12,0.001,0.952
15,20,90,60,16,0.001,0.952
15,20,90,60,20,0.001,0.952
15,20,90,60,24,0.001,0.952
20,0,90,10,0,0.001,0.3
20,0,90,10,1,0.001,0.293
20,0,90,10,2,0.001,0.29
20,0,90,10,3,0.001,0.288
20,0,90,10,4,0.001,0.287
20,0,90,10,8,0.001,0.279
20,0,90,10,12,0.001,0.272
20,0,90,10,16,0.001,0.267
20,0,90,10,20,0.001,0.261
20,0,90,10,24,0.001,0.255
20,0,90,30,0,0.001,0.3
20,0,90,30,1,0.001,0.289
20,0,90,30,2,0.001,0.283
20,0,90,30,3,0.001,0.279
20,0,90,30,4,0.001,0.274
20,0,90,30,8,0.001,0.258
20,0,90,30,12,0.001,0.243
20,0,90,30,16,0.001,0.231
20,0,90,30,20,0.001,0.232
20,0,90,30,24,0.001,0.231
20,0,90,60,0,0.001,0.3
20,0,90,60,1,0.001,0.284
20,0,90,60,2,0.001,0.274
20,0,90,60,3,0.001,0.266
20,0,90,60,4,0.001,0.259
20,0,90,60,8,0.001,0.238
20,0,90,60,12,0.001,0.226
20,0,90,60,16,0.001,0.225
20,0,90,60,20,0.001,0.225
20,0,90,60,24,0.001,0.225
20,5,90,10,0,0.001,0.538
20,5,90,10,1,0.001,0.534
20,5,90,10,2,0.001,0.532
20,5,90,10,3,0.001,0.53
20,5,90,10,4,0.001,0.528
20,5,90,10,8,0.001,0.522
20,5,90,10,12,0.001,0.517
20,5,90,10,16,0.001,0.512
20,5,90,10,20,0.001,0.508
20,5,90,10,24,0.001,0.504
20,5,90,30,0,0.001,0.538
20,5,90,30,1,0.001,0.53
20,5,90,30,2,0.001,0.526
20,5,90,30,3,0.001,0.522
20,5,90,30,4,0.001,0.518
20,5,90,30,8,0.001,0.506
20,5,90,30,12,0.001,0.496
20,5,90,30,16,0.001,0.489
20,5,90,30,20,0.001,0.486
20,5,90,30,24,0.001,0.485
20,5,90,60,0,0.001,0.538
20,5,90,60,1,0.001,0.526
20,5,90,60,2,0.001,0.518
20,5,90,60,3,0.001,0.512
20,5,90,60,4,0.001,0.507
20,5,90,60,8,0.001,0.488
20,5,90,60,12,0.001,0.48
20,5,90,60,16,0.001,0.48
20,5,90,60,20,0.001,0.435
20,5,90,60,24,0.001,0.435
20,10,90,10,0,0.001,0.698
20,10,90,10,1,0.001,0.695
20,10,90,10,2,0.001,0.693
20,10,90,10,3,0.001,0.692
20,10,90,10,4,0.001,0.691
20,10,90,10,8,0.001,0.686
20,10,90,10,12,0.001,0.682
20,10,90,10,16,0.001,0.678
20,10,90,10,20,0.001,0.675
20,10,90,10,24,0.001,0.671
20,10,90,30,0,0.001,0.698
20,10,90,30,1,0.001,0.692
20,10,90,30,2,0.001,0.689
20,10,90,30,3,0.001,0.686
20,10,90,30,4,0.001,0.682
20,10,90,30,8,0.001,0.673
20,10,90,30,12,0.001,0.664
20,10,90,30,16,0.001,0.658
20,10,90,30,20,0.001,0.656
20,10,90,30,24,0.001,0.655
20,10,90,60,0,0.001,0.698
20,10,90,60,1,0.001,0.689
20,10,90,60,2,0.001,0.682
20,10,90,60,3,0.001,0.677
20,10,90,60,4,0.001,0.673
20,10,90,60,8,0.001,0.657
20,10,90,60,12,0.001,0.651
20,10,90,60,16,0.001,0.65
20,10,90,60,20,0.001,0.65
20,10,90,60,24,0.001,0.65
20,15,90,10,0,0.001,0.878
20,15,90,10,1,0.001,0.941
20,15,90,10,2,0.001,0.872
20,15,90,10,3,0.001,0.871
20,15,90,10,4,0.001,0.869
20,15,90,10,8,0.001,0.863
20,15,90,10,12,0.001,0.857
20,15,90,10,16,0.001,0.853
20,15,90,10,20,0.001,0.849
20,15,90,10,24,0.001,0.845
20,15,90,30,0,0.001,0.878
20,15,90,30,1,0.001,0.871
20,15,90,30,2,0.001,0.867
20,15,90,30,3,0.001,0.863
20,15,90,30,4,0.001,0.858
20,15,90,30,8,0.001,0.847
20,15,90,30,12,0.001,0.837
20,15,90,30,16,0.001,0.829
20,15,90,30,20,0.001,0.826
20,15,90,30,24,0.001,0.825
20,15,90,60,0,0.001,0.878
20,15,90,60,1,0.001,0.867
20,15,90,60,2,0.001,0.859
20,15,90,60,3,0.001,0.852
20,15,90,60,4,0.001,0.847
20,15,90,60,8,0.001,0.829
20,15,90,60,12,0.001,0.821
20,15,90,60,16,0.001,0.82
20,15,90,60,20,0.001,0.82
20,15,90,60,24,0.001,0.82
20,20,90,10,0,0.001,1.106
20,20,90,10,1,0.001,1.046
20,20,90,10,2,0.001,1.022
20,20,90,10,3,0.001,1.042
20,20,90,10,4,0.001,1.04
20,20,90,10,8,0.001,1.032
20,20,90,10,12,0.001,1.027
20,20,90,10,16,0.001,1.024
20,20,90,10,20,0.001,1.019
20,20,90,10,24,0.001,1.016
20,20,90,30,0,0.001,1.106
20,20,90,30,1,0.001,1.021
20,20,90,30,2,0.001,1.038
20,20,90,30,3,0.001,1.093
20,20,90,30,4,0.001,1.029
20,20,90,30,8,0.001,1.08
20,20,90,30,12,0.001,1.007
20,20,90,30,16,0.001,1.067
20,20,90,30,20,0.001,0.997
20,20,90,30,24,0.001,0.996
20,20,90,60,0,0.001,1.106
20,20,90,60,1,0.001,1.038
20,20,90,60,2,0.001,1.029
20,20,90,60,3,0.001,1.023
20,20,90,60,4,0.001,1.018
20,20,90,60,8,0.001,0.999
20,20,90,60,12,0.001,0.992
20,20,90,60,16,0.001,0.992
20,20,90,60,20,0.001,0.992
20,20,90,60,24,0.001,0.992
25,0,90,10,0,0.001,0.385
25,0,90,10,1,0.001,0.378
25,0,90,10,2,0.001,0.374
25,0,90,10,3,0.001,0.371
25,0,90,10,4,0.001,0.368
25,0,90,10,8,0.001,0.354
25,0,90,10,12,0.001,0.345
25,0,90,10,16,0.001,0.338
25,0,90,10,20,0.001,0.33
25,0,90,10,24,0.001,0.322
25,0,90,30,0,0.001,0.385
25,0,90,30,1,0.001,0.371
25,0,90,30,2,0.001,0.359
25,0,90,30,3,0.001,0.353
25,0,90,30,4,0.001,0.347
25,0,90,30,8,0.001,0.327
25,0,90,30,12,0.001,0.308
25,0,90,30,16,0.001,0.293
25,0,90,30,20,0.001,0.284
25,0,90,30,24,0.001,0.283
25,0,90,60,0,0.001,0.385
25,0,90,60,1,0.001,0.359
25,0,90,60,2,0.001,0.347
25,0,90,60,3,0.001,0.337
25,0,90,60,4,0.001,0.328
25,0,90,60,8,0.001,0.293
25,0,90,60,12,0.001,0.287
25,0,90,60,16,0.001,0.286
25,0,90,60,20,0.001,0.286
25,0,90,60,24,0.001,0.286
25,5,90,10,0,0.001,0.637
25,5,90,10,1,0.001,0.633
25,5,90,10,2,0.001,0.63
25,5,90,10,3,0.001,0.627
25,5,90,10,4,0.001,0.626
25,5,90,10,8,0.001,0.618
25,5,90,10,12,0.001,0.611
25,5,90,10,16,0.001,0.606
25,5,90,10,20,0.001,0.601
25,5,90,10,24,0.001,0.596
25,5,90,30,0,0.001,0.637
25,5,90,30,1,0.001,0.628
25,5,90,30,2,0.001,0.623
25,5,90,30,3,0.001,0.618
25,5,90,30,4,0.001,0.612
25,5,90,30,8,0.001,0.598
25,5,90,30,12,0.001,0.527
25,5,90,30,16,0.001,0.512
25,5,90,30,20,0.001,0.503
25,5,90,30,24,0.001,0.502
25,5,90,60,0,0.001,0.637
25,5,90,60,1,0.001,0.622
25,5,90,60,2,0.001,0.613
25,5,90,60,3,0.001,0.605
25,5,90,60,4,0.001,0.599
25,5,90,60,8,0.001,0.512
25,5,90,60,12,0.001,0.495
25,5,90,60,16,0.001,0.494
25,5,90,60,20,0.001,0.494
25,5,90,60,24,0.001,0.494
25,10,90,10,0,0.001,0.802
25,10,90,10,1,0.001,0.799
25,10,90,10,2,0.001,0.796
25,10,90,10,3,0.001,0.795
25,10,90,10,4,0.001,0.793
25,10,90,10,8,0.001,0.787
25,10,90,10,12,0.001,0.781
25,10,90,10,16,0.001,0.776
25,10,90,10,20,0.001,0.771
25,10,90,10,24,0.001,0.766
25,10,90,30,0,0.001,0.802
25,10,90,30,1,0.001,0.795
25,10,90,30,2,0.001,0.79
25,10,90,30,3,0.001,0.786
25,10,90,30,4,0.001,0.782
25,10,90,30,8,0.001,0.768
25,10,90,30,12,0.001,0.755
25,10,90,30,16,0.001,0.747
25,10,90,30,20,0.001,0.742
25,10,90,30,24,0.001,0.742
25,10,90,60,0,0.001,0.802
25,10,90,60,1,0.001,0.79
25,10,90,60,2,0.001,0.782
25,10,90,60,3,0.001,0.775
25,10,90,60,4,0.001,0.769
25,10,90,60,8,0.001,0.746
25,10,90,60,12,0.001,0.736
25,10,90,60,16,0.001,0.736
25,10,90,60,20,0.001,0.736
25,10,90,60,24,0.001,0.736
25,15,90,10,0,0.001,0.978
25,15,90,10,1,0.001,0.973
25,15,90,10,2,0.001,0.971
25,15,90,10,3,0.001,0.954
25,15,90,10,4,0.001,0.953
25,15,90,10,8,0.001,0.947
25,15,90,10,12,0.001,0.941
25,15,90,10,16,0.001,0.937
25,15,90,10,20,0.001,0.932
25,15,90,10,24,0.001,0.928
25,15,90,30,0,0.001,0.978
25,15,90,30,1,0.001,0.954
25,15,90,30,2,0.001,0.95
25,15,90,30,3,0.001,0.946
25,15,90,30,4,0.001,0.942
25,15,90,30,8,0.001,0.93
25,15,90,30,12,0.001,0.92
25,15,90,30,16,0.001,0.917
25,15,90,30,20,0.001,0.909
25,15,90,30,24,0.001,0.909
25,15,90,60,0,0.001,0.978
25,15,90,60,1,0.001,0.963
25,15,90,60,2,0.001,0.942
25,15,90,60,3,0.001,0.936
25,15,90,60,4,0.001,0.931
25,15,90,60,8,0.001,0.911
25,15,90,60,12,0.001,0.904
25,15,90,60,16,0.001,0.903
25,15,90,60,20,0.001,0.903
25,15,90,60,24,0.001,0.903
25,20,90,10,0,0.001,1.149
25,20,90,10,1,0.001,1.144
25,20,90,10,2,0.001,1.141
25,20,90,10,3,0.001,1.139
25,20,90,10,4,0.001,1.134
25,20,90,10,8,0.001,1.13
25,20,90,10,12,0.001,1.122
25,20,90,10,16,0.001,1.117
25,20,90,10,20,0.001,1.112
25,20,90,10,24,0.001,1.107
25,20,90,30,0,0.001,1.149
25,20,90,30,1,0.001,1.139
25,20,90,30,2,0.001,1.134
25,20,90,30,3,0.001,1.129
25,20,90,30,4,0.001,1.124
25,20,90,30,8,0.001,1.109
25,20,90,30,12,0.001,1.097
25,20,90,30,16,0.001,1.087
25,20,90,30,20,0.001,1.083
25,20,90,30,24,0.001,1.083
25,20,90,60,0,0.001,1.149
25,20,90,60,1,0.001,1.134
25,20,90,60,2,0.001,1.124
25,20,90,60,3,0.001,1.116
25,20,90,60,4,0.001,1.11
25,20,90,60,8,0.001,1.087
25,20,90,60,12,0.001,1.078
25,20,90,60,16,0.001,1.077
25,20,90,60,20,0.001,1.077
25,20,90,60,24,0.001,1.077
30,0,90,10,0,0.001,0.472
30,0,90,10,1,0.001,0.463
30,0,90,10,2,0.001,0.458
30,0,90,10,3,0.001,0.454
30,0,90,10,4,0.001,0.451
30,0,90,10,8,0.001,0.437
30,0,90,10,12,0.001,0.424
30,0,90,10,16,0.001,0.414
30,0,90,10,20,0.001,0.405
30,0,90,10,24,0.001,0.396
30,0,90,30,0,0.001,0.472
30,0,90,30,1,0.001,0.454
30,0,90,30,2,0.001,0.445
30,0,90,30,3,0.001,0.436
30,0,90,30,4,0.001,0.426
30,0,90,30,8,0.001,0.401
30,0,90,30,12,0.001,0.378
30,0,90,30,16,0.001,0.36
30,0,90,30,20,0.001,0.35
30,0,90,30,24,0.001,0.348
30,0,90,60,0,0.001,0.472
30,0,90,60,1,0.001,0.445
30,0,90,60,2,0.001,0.426
30,0,90,60,3,0.001,0.413
30,0,90,60,4,0.001,0.402
30,0,90,60,8,0.001,0.36
30,0,90,60,12,0.001,0.339
30,0,90,60,16,0.001,0.338
30,0,90,60,20,0.001,0.338
30,0,90,60,24,0.001,0.338
30,5,90,10,0,0.001,0.745
30,5,90,10,1,0.001,0.74
30,5,90,10,2,0.001,0.736
30,5,90,10,3,0.001,0.733
30,5,90,10,4,0.001,0.731
30,5,90,10,8,0.001,0.657
30,5,90,10,12,0.001,0.643
30,5,90,10,16,0.001,0.634
30,5,90,10,20,0.001,0.625
30,5,90,10,24,0.001,0.616
30,5,90,30,0,0.001,0.745
30,5,90,30,1,0.001,0.734
30,5,90,30,2,0.001,0.728
30,5,90,30,3,0.001,0.656
30,5,90,30,4,0.001,0.647
30,5,90,30,8,0.001,0.621
30,5,90,30,12,0.001,0.598
30,5,90,30,16,0.001,0.579
30,5,90,30,20,0.001,0.569
30,5,90,30,24,0.001,0.567
30,5,90,60,0,0.001,0.745
30,5,90,60,1,0.001,0.727
30,5,90,60,2,0.001,0.646
30,5,90,60,3,0.001,0.632
30,5,90,60,4,0.001,0.622
30,5,90,60,8,0.001,0.579
30,5,90,60,12,0.001,0.558
30,5,90,60,16,0.001,0.557
30,5,90,60,20,0.001,0.557
30,5,90,60,24,0.001,0.557
30,10,90,10,0,0.001,0.914
30,10,90,10,1,0.001,0.91
30,10,90,10,2,0.001,0.906
30,10,90,10,3,0.001,0.904
30,10,90,10,4,0.001,0.902
30,10,90,10,8,0.001,0.892
30,10,90,10,12,0.001,0.884
30,10,90,10,16,0.001,0.877
30,10,90,10,20,0.001,0.871
30,10,90,10,24,0.001,0.865
30,10,90,30,0,0.001,0.914
30,10,90,30,1,0.001,0.904
30,10,90,30,2,0.001,0.898
30,10,90,30,3,0.001,0.892
30,10,90,30,4,0.001,0.885
30,10,90,30,8,0.001,0.868
30,10,90,30,12,0.001,0.852
30,10,90,30,16,0.001,0.841
30,10,90,30,20,0.001,0.837
30,10,90,30,24,0.001,0.836
30,10,90,60,0,0.001,0.914
30,10,90,60,1,0.001,0.898
30,10,90,60,2,0.001,0.885
30,10,90,60,3,0.001,0.876
30,10,90,60,4,0.001,0.869
30,10,90,60,8,0.001,0.841
30,10,90,60,12,0.001,0.829
30,10,90,60,16,0.001,0.829
30,10,90,60,20,0.001,0.829
30,10,90,60,24,0.001,0.829
30,15,90,10,0,0.001,1.073
30,15,90,10,1,0.001,1.069
30,15,90,10,2,0.001,1.066
30,15,90,10,3,0.001,1.064
30,15,90,10,4,0.001,1.062
30,15,90,10,8,0.001,1.055
30,15,90,10,12,0.001,1.049
30,15,90,10,16,0.001,1.043
30,15,90,10,20,0.001,1.038
30,15,90,10,24,0.001,1.033
30,15,90,30,0,0.001,1.073
30,15,90,30,1,0.001,1.064
30,15,90,30,2,0.001,1.059
30,15,90,30,3,0.001,1.054
30,15,90,30,4,0.001,1.05
30,15,90,30,8,0.001,1.036
30,15,90,30,12,0.001,1.023
30,15,90,30,16,0.001,1.012
30,15,90,30,20,0.001,1.007
30,15,90,30,24,0.001,1.006
30,15,90,60,0,0.001,1.073
30,15,90,60,1,0.001,1.059
30,15,90,60,2,0.001,1.05
30,15,90,60,3,0.001,1.042
30,15,90,60,4,0.001,1.036
30,15,90,60,8,0.001,1.011
30,15,90,60,12,0.001,1
30,15,90,60,16,0.001,0.999
30,15,90,60,20,0.001,0.999
30,15,90,60,24,0.001,0.999
30,20,90,10,0,0.001,1.256
30,20,90,10,1,0.001,1.251
30,20,90,10,2,0.001,1.247
30,20,90,10,3,0.001,1.245
30,20,90,10,4,0.001,1.242
30,20,90,10,8,0.001,1.233
30,20,90,10,12,0.001,1.224
30,20,90,10,16,0.001,1.218
30,20,90,10,20,0.001,1.212
30,20,90,10,24,0.001,1.206
30,20,90,30,0,0.001,1.256
30,20,90,30,1,0.001,1.245
30,20,90,30,2,0.001,1.239
30,20,90,30,3,0.001,1.232
30,20,90,30,4,0.001,1.226
30,20,90,30,8,0.001,1.209
30,20,90,30,12,0.001,1.194
30,20,90,30,16,0.001,1.174
30,20,90,30,20,0.001,1.17
30,20,90,30,24,0.001,1.17
30,20,90,60,0,0.001,1.256
30,20,90,60,1,0.001,1.239
30,20,90,60,2,0.001,1.226
30,20,90,60,3,0.001,1.217
30,20,90,60,4,0.001,1.21
30,20,90,60,8,0.001,1.182
30,20,90,60,12,0.001,1.164
30,20,90,60,16,0.001,1.163
30,20,90,60,20,0.001,1.163
30,20,90,60,24,0.001,1.163
15,0,30,10,0,0.0001,0.537
15,0,30,10,1,0.0001,0.532
15,0,30,10,2,0.0001,0.528
15,0,30,10,3,0.0001,0.525
15,0,30,10,4,0.0001,0.522
15,0,30,10,8,0.0001,0.51
15,0,30,10,12,0.0001,0.501
15,0,30,10,16,0.0001,0.495
15,0,30,10,20,0.0001,0.49
15,0,30,10,24,0.0001,0.486
15,0,30,30,0,0.0001,0.54
15,0,30,30,1,0.0001,0.523
15,0,30,30,2,0.0001,0.504
15,0,30,30,3,0.0001,0.488
15,0,30,30,4,0.0001,0.476
15,0,30,30,8,0.0001,0.445
15,0,30,30,12,0.0001,0.424
15,0,30,30,16,0.0001,0.405
15,0,30,30,20,0.0001,0.387
15,0,30,30,24,0.0001,0.373
15,0,30,60,0,0.0001,0.540
15,0,30,60,1,0.0001,0.498
15,0,30,60,2,0.0001,0.463
15,0,30,60,3,0.0001,0.436
15,0,30,60,4,0.0001,0.416
15,0,30,60,8,0.0001,0.362
15,0,30,60,12,0.0001,0.323
15,0,30,60,16,0.0001,0.293
15,0,30,60,20,0.0001,0.270
15,0,30,60,24,0.0001,0.256
15,5,30,10,0,0.0001,0.88
15,5,30,10,1,0.0001,0.879
15,5,30,10,2,0.0001,0.878
15,5,30,10,3,0.0001,0.877
15,5,30,10,4,0.0001,0.876
15,5,30,10,8,0.0001,0.873
15,5,30,10,12,0.0001,0.87
15,5,30,10,16,0.0001,0.866
15,5,30,10,20,0.0001,0.863
15,5,30,10,24,0.0001,0.86
15,5,30,30,0,0.0001,0.881
15,5,30,30,1,0.0001,0.877
15,5,30,30,2,0.0001,0.874
15,5,30,30,3,0.0001,0.87
15,5,30,30,4,0.0001,0.867
15,5,30,30,8,0.0001,0.853
15,5,30,30,12,0.0001,0.838
15,5,30,30,16,0.0001,0.823
15,5,30,30,20,0.0001,0.811
15,5,30,30,24,0.0001,0.801
15,5,30,60,0,0.0001,0.881
15,5,30,60,1,0.0001,0.873
15,5,30,60,2,0.0001,0.866
15,5,30,60,3,0.0001,0.859
15,5,30,60,4,0.0001,0.850
15,5,30,60,8,0.0001,0.814
15,5,30,60,12,0.0001,0.782
15,5,30,60,16,0.0001,0.758
15,5,30,60,20,0.0001,0.745
15,5,30,60,24,0.0001,0.737
15,10,30,10,0,0.0001,1.161
15,10,30,10,1,0.0001,1.16
15,10,30,10,2,0.0001,1.159
15,10,30,10,3,0.0001,1.158
15,10,30,10,4,0.0001,1.157
15,10,30,10,8,0.0001,1.154
15,10,30,10,12,0.0001,1.15
15,10,30,10,16,0.0001,1.147
15,10,30,10,20,0.0001,1.144
15,10,30,10,24,0.0001,1.141
15,10,30,30,0,0.0001,1.162
15,10,30,30,1,0.0001,1.158
15,10,30,30,2,0.0001,1.155
15,10,30,30,3,0.0001,1.152
15,10,30,30,4,0.0001,1.149
15,10,30,30,8,0.0001,1.136
15,10,30,30,12,0.0001,1.124
15,10,30,30,16,0.0001,1.111
15,10,30,30,20,0.0001,1.098
15,10,30,30,24,0.0001,1.088
15,10,30,60,0,0.0001,1.162
15,10,30,60,1,0.0001,1.155
15,10,30,60,2,0.0001,1.148
15,10,30,60,3,0.0001,1.141
15,10,30,60,4,0.0001,1.135
15,10,30,60,8,0.0001,1.107
15,10,30,60,12,0.0001,1.074
15,10,30,60,16,0.0001,1.051
15,10,30,60,20,0.0001,1.037
15,10,30,60,24,0.0001,1.030
15,15,30,10,0,0.0001,1.424
15,15,30,10,1,0.0001,1.424
15,15,30,10,2,0.0001,1.423
15,15,30,10,3,0.0001,1.422
15,15,30,10,4,0.0001,1.421
15,15,30,10,8,0.0001,1.419
15,15,30,10,12,0.0001,1.415
15,15,30,10,16,0.0001,1.412
15,15,30,10,20,0.0001,1.41
15,15,30,10,24,0.0001,1.407
15,15,30,30,0,0.0001,1.425
15,15,30,30,1,0.0001,1.422
15,15,30,30,2,0.0001,1.42
15,15,30,30,3,0.0001,1.417
15,15,30,30,4,0.0001,1.414
15,15,30,30,8,0.0001,1.403
15,15,30,30,12,0.0001,1.393
15,15,30,30,16,0.0001,1.383
15,15,30,30,20,0.0001,1.371
15,15,30,30,24,0.0001,1.362
15,15,30,60,0,0.0001,1.425
15,15,30,60,1,0.0001,1.419
15,15,30,60,2,0.0001,1.414
15,15,30,60,3,0.0001,1.408
15,15,30,60,4,0.0001,1.402
15,15,30,60,8,0.0001,1.379
15,15,30,60,12,0.0001,1.349
15,15,30,60,16,0.0001,1.328
15,15,30,60,20,0.0001,1.315
15,15,30,60,24,0.0001,1.308
15,20,30,10,0,0.0001,1.684
15,20,30,10,1,0.0001,1.683
15,20,30,10,2,0.0001,1.682
15,20,30,10,3,0.0001,1.682
15,20,30,10,4,0.0001,1.681
15,20,30,10,8,0.0001,1.678
15,20,30,10,12,0.0001,1.675
15,20,30,10,16,0.0001,1.672
15,20,30,10,20,0.0001,1.669
15,20,30,10,24,0.0001,1.667
15,20,30,30,0,0.0001,1.685
15,20,30,30,1,0.0001,1.682
15,20,30,30,2,0.0001,1.679
15,20,30,30,3,0.0001,1.677
15,20,30,30,4,0.0001,1.674
15,20,30,30,8,0.0001,1.663
15,20,30,30,12,0.0001,1.653
15,20,30,30,16,0.0001,1.642
15,20,30,30,20,0.0001,1.63
15,20,30,30,24,0.0001,1.621
15,20,30,60,0,0.0001,1.685
15,20,30,60,1,0.0001,1.679
15,20,30,60,2,0.0001,1.673
15,20,30,60,3,0.0001,1.667
15,20,30,60,4,0.0001,1.662
15,20,30,60,8,0.0001,1.639
15,20,30,60,12,0.0001,1.609
15,20,30,60,16,0.0001,1.587
15,20,30,60,20,0.0001,1.575
15,20,30,60,24,0.0001,1.568
20,0,30,10,0,0.0001,0.728
20,0,30,10,1,0.0001,0.722
20,0,30,10,2,0.0001,0.716
20,0,30,10,3,0.0001,0.712
20,0,30,10,4,0.0001,0.708
20,0,30,10,8,0.0001,0.69
20,0,30,10,12,0.0001,0.678
20,0,30,10,16,0.0001,0.67
20,0,30,10,20,0.0001,0.664
20,0,30,10,24,0.0001,0.658
20,0,30,30,0,0.0001,0.732
20,0,30,30,1,0.0001,0.71
20,0,30,30,2,0.0001,0.683
20,0,30,30,3,0.0001,0.661
20,0,30,30,4,0.0001,0.645
20,0,30,30,8,0.0001,0.603
20,0,30,30,12,0.0001,0.575
20,0,30,30,16,0.0001,0.549
20,0,30,30,20,0.0001,0.525
20,0,30,30,24,0.0001,0.505
20,0,30,60,0,0.0001,0.732
20,0,30,60,1,0.0001,0.674
20,0,30,60,2,0.0001,0.627
20,0,30,60,3,0.0001,0.591
20,0,30,60,4,0.0001,0.564
20,0,30,60,8,0.0001,0.491
20,0,30,60,12,0.0001,0.438
20,0,30,60,16,0.0001,0.397
20,0,30,60,20,0.0001,0.373
20,0,30,60,24,0.0001,0.347
20,5,30,10,0,0.0001,1.087
20,5,30,10,1,0.0001,1.084
20,5,30,10,2,0.0001,1.083
20,5,30,10,3,0.0001,1.081
20,5,30,10,4,0.0001,1.08
20,5,30,10,8,0.0001,1.074
20,5,30,10,12,0.0001,1.068
20,5,30,10,16,0.0001,1.062
20,5,30,10,20,0.0001,1.056
20,5,30,10,24,0.0001,1.052
20,5,30,30,0,0.0001,1.088
20,5,30,30,1,0.0001,1.081
20,5,30,30,2,0.0001,1.076
20,5,30,30,3,0.0001,1.07
20,5,30,30,4,0.0001,1.065
20,5,30,30,8,0.0001,1.042
20,5,30,30,12,0.0001,1.021
20,5,30,30,16,0.0001,1.001
20,5,30,30,20,0.0001,0.985
20,5,30,30,24,0.0001,0.971
20,5,30,60,0,0.0001,1.088
20,5,30,60,1,0.0001,1.075
20,5,30,60,2,0.0001,1.063
20,5,30,60,3,0.0001,1.051
20,5,30,60,4,0.0001,1.038
20,5,30,60,8,0.0001,0.989
20,5,30,60,12,0.0001,0.946
20,5,30,60,16,0.0001,0.915
20,5,30,60,20,0.0001,0.896
20,5,30,60,24,0.0001,0.887
20,10,30,10,0,0.0001,1.376
20,10,30,10,1,0.0001,1.375
20,10,30,10,2,0.0001,1.373
20,10,30,10,3,0.0001,1.372
20,10,30,10,4,0.0001,1.371
20,10,30,10,8,0.0001,1.367
20,10,30,10,12,0.0001,1.362
20,10,30,10,16,0.0001,1.357
20,10,30,10,20,0.0001,1.354
20,10,30,10,24,0.0001,1.35
20,10,30,30,0,0.0001,1.377
20,10,30,30,1,0.0001,1.372
20,10,30,30,2,0.0001,1.368
20,10,30,30,3,0.0001,1.364
20,10,30,30,4,0.0001,1.359
20,10,30,30,8,0.0001,1.343
20,10,30,30,12,0.0001,1.327
20,10,30,30,16,0.0001,1.31
20,10,30,30,20,0.0001,1.292
20,10,30,30,24,0.0001,1.278
20,10,30,60,0,0.0001,1.377
20,10,30,60,1,0.0001,1.367
20,10,30,60,2,0.0001,1.358
20,10,30,60,3,0.0001,1.349
20,10,30,60,4,0.0001,1.340
20,10,30,60,8,0.0001,1.303
20,10,30,60,12,0.0001,1.259
20,10,30,60,16,0.0001,1.228
20,10,30,60,20,0.0001,1.210
20,10,30,60,24,0.0001,1.200
20,15,30,10,0,0.0001,1.655
20,15,30,10,1,0.0001,1.654
20,15,30,10,2,0.0001,1.652
20,15,30,10,3,0.0001,1.651
20,15,30,10,4,0.0001,1.65
20,15,30,10,8,0.0001,1.645
20,15,30,10,12,0.0001,1.641
20,15,30,10,16,0.0001,1.636
20,15,30,10,20,0.0001,1.632
20,15,30,10,24,0.0001,1.628
20,15,30,30,0,0.0001,1.656
20,15,30,30,1,0.0001,1.652
20,15,30,30,2,0.0001,1.647
20,15,30,30,3,0.0001,1.643
20,15,30,30,4,0.0001,1.639
20,15,30,30,8,0.0001,1.622
20,15,30,30,12,0.0001,1.606
20,15,30,30,16,0.0001,1.588
20,15,30,30,20,0.0001,1.57
20,15,30,30,24,0.0001,1.556
20,15,30,60,0,0.0001,1.656
20,15,30,60,1,0.0001,1.647
20,15,30,60,2,0.0001,1.638
20,15,30,60,3,0.0001,1.629
20,15,30,60,4,0.0001,1.620
20,15,30,60,8,0.0001,1.582
20,15,30,60,12,0.0001,1.537
20,15,30,60,16,0.0001,1.506
20,15,30,60,20,0.0001,1.488
20,15,30,60,24,0.0001,1.477
20,20,30,10,0,0.0001,1.915
20,20,30,10,1,0.0001,1.914
20,20,30,10,2,0.0001,1.913
20,20,30,10,3,0.0001,1.912
20,20,30,10,4,0.0001,1.911
20,20,30,10,8,0.0001,1.907
20,20,30,10,12,0.0001,1.903
20,20,30,10,16,0.0001,1.899
20,20,30,10,20,0.0001,1.895
20,20,30,10,24,0.0001,1.892
20,20,30,30,0,0.0001,1.916
20,20,30,30,1,0.0001,1.912
20,20,30,30,2,0.0001,1.908
20,20,30,30,3,0.0001,1.905
20,20,30,30,4,0.0001,1.901
20,20,30,30,8,0.0001,1.886
20,20,30,30,12,0.0001,1.873
20,20,30,30,16,0.0001,1.859
20,20,30,30,20,0.0001,1.842
20,20,30,30,24,0.0001,1.83
20,20,30,60,0,0.0001,1.918
20,20,30,60,1,0.0001,1.908
20,20,30,60,2,0.0001,1.900
20,20,30,60,3,0.0001,1.892
20,20,30,60,4,0.0001,1.885
20,20,30,60,8,0.0001,1.853
20,20,30,60,12,0.0001,1.813
20,20,30,60,16,0.0001,1.784
20,20,30,60,20,0.0001,1.766
20,20,30,60,24,0.0001,1.756
25,0,30,10,0,0.0001,0.932
25,0,30,10,1,0.0001,0.924
25,0,30,10,2,0.0001,0.917
25,0,30,10,3,0.0001,0.911
25,0,30,10,4,0.0001,0.906
25,0,30,10,8,0.0001,0.883
25,0,30,10,12,0.0001,0.868
25,0,30,10,16,0.0001,0.858
25,0,30,10,20,0.0001,0.85
25,0,30,10,24,0.0001,0.843
25,0,30,30,0,0.0001,0.937
25,0,30,30,1,0.0001,0.909
25,0,30,30,2,0.0001,0.874
25,0,30,30,3,0.0001,0.846
25,0,30,30,4,0.0001,0.825
25,0,30,30,8,0.0001,0.772
25,0,30,30,12,0.0001,0.736
25,0,30,30,16,0.0001,0.703
25,0,30,30,20,0.0001,0.672
25,0,30,30,24,0.0001,0.647
25,0,30,60,0,0.0001,0.937
25,0,30,60,1,0.0001,0.862
25,0,30,60,2,0.0001,0.802
25,0,30,60,3,0.0001,0.757
25,0,30,60,4,0.0001,0.723
25,0,30,60,8,0.0001,0.628
25,0,30,60,12,0.0001,0.561
25,0,30,60,16,0.0001,0.509
25,0,30,60,20,0.0001,0.477
25,0,30,60,24,0.0001,0.444
25,5,30,10,0,0.0001,1.3
25,5,30,10,1,0.0001,1.298
25,5,30,10,2,0.0001,1.295
25,5,30,10,3,0.0001,1.293
25,5,30,10,4,0.0001,1.291
25,5,30,10,8,0.0001,1.284
25,5,30,10,12,0.0001,1.276
25,5,30,10,16,0.0001,1.268
25,5,30,10,20,0.0001,1.262
25,5,30,10,24,0.0001,1.256
25,5,30,30,0,0.0001,1.302
25,5,30,30,1,0.0001,1.293
25,5,30,30,2,0.0001,1.286
25,5,30,30,3,0.0001,1.279
25,5,30,30,4,0.0001,1.272
25,5,30,30,8,0.0001,1.243
25,5,30,30,12,0.0001,1.217
25,5,30,30,16,0.0001,1.192
25,5,30,30,20,0.0001,1.171
25,5,30,30,24,0.0001,1.153
25,5,30,60,0,0.0001,1.302
25,5,30,60,1,0.0001,1.285
25,5,30,60,2,0.0001,1.270
25,5,30,60,3,0.0001,1.254
25,5,30,60,4,0.0001,1.238
25,5,30,60,8,0.0001,1.176
25,5,30,60,12,0.0001,1.122
25,5,30,60,16,0.0001,1.081
25,5,30,60,20,0.0001,1.058
25,5,30,60,24,0.0001,1.045
25,10,30,10,0,0.0001,1.604
25,10,30,10,1,0.0001,1.602
25,10,30,10,2,0.0001,1.6
25,10,30,10,3,0.0001,1.599
25,10,30,10,4,0.0001,1.597
25,10,30,10,8,0.0001,1.592
25,10,30,10,12,0.0001,1.587
25,10,30,10,16,0.0001,1.581
25,10,30,10,20,0.0001,1.577
25,10,30,10,24,0.0001,1.572
25,10,30,30,0,0.0001,1.606
25,10,30,30,1,0.0001,1.599
25,10,30,30,2,0.0001,1.594
25,10,30,30,3,0.0001,1.588
25,10,30,30,4,0.0001,1.582
25,10,30,30,8,0.0001,1.561
25,10,30,30,12,0.0001,1.541
25,10,30,30,16,0.0001,1.515
25,10,30,30,20,0.0001,1.494
25,10,30,30,24,0.0001,1.476
25,10,30,60,0,0.0001,1.606
25,10,30,60,1,0.0001,1.593
25,10,30,60,2,0.0001,1.580
25,10,30,60,3,0.0001,1.569
25,10,30,60,4,0.0001,1.557
25,10,30,60,8,0.0001,1.500
25,10,30,60,12,0.0001,1.444
25,10,30,60,16,0.0001,1.404
25,10,30,60,20,0.0001,1.380
25,10,30,60,24,0.0001,1.367
25,15,30,10,0,0.0001,1.885
25,15,30,10,1,0.0001,1.883
25,15,30,10,2,0.0001,1.881
25,15,30,10,3,0.0001,1.88
25,15,30,10,4,0.0001,1.878
25,15,30,10,8,0.0001,1.873
25,15,30,10,12,0.0001,1.867
25,15,30,10,16,0.0001,1.861
25,15,30,10,20,0.0001,1.856
25,15,30,10,24,0.0001,1.851
25,15,30,30,0,0.0001,1.886
25,15,30,30,1,0.0001,1.88
25,15,30,30,2,0.0001,1.875
25,15,30,30,3,0.0001,1.87
25,15,30,30,4,0.0001,1.864
25,15,30,30,8,0.0001,1.842
25,15,30,30,12,0.0001,1.822
25,15,30,30,16,0.0001,1.8
25,15,30,30,20,0.0001,1.777
25,15,30,30,24,0.0001,1.759
25,15,30,60,0,0.0001,1.886
25,15,30,60,1,0.0001,1.874
25,15,30,60,2,0.0001,1.863
25,15,30,60,3,0.0001,1.852
25,15,30,60,4,0.0001,1.840
25,15,30,60,8,0.0001,1.792
25,15,30,60,12,0.0001,1.735
25,15,30,60,16,0.0001,1.695
25,15,30,60,20,0.0001,1.671
25,15,30,60,24,0.0001,1.659
25,20,30,10,0,0.0001,2.162
25,20,30,10,1,0.0001,2.16
25,20,30,10,2,0.0001,2.159
25,20,30,10,3,0.0001,2.157
25,20,30,10,4,0.0001,2.156
25,20,30,10,8,0.0001,2.151
25,20,30,10,12,0.0001,2.145
25,20,30,10,16,0.0001,2.139
25,20,30,10,20,0.0001,2.134
25,20,30,10,24,0.0001,2.13
25,20,30,30,0,0.0001,2.163
25,20,30,30,1,0.0001,2.158
25,20,30,30,2,0.0001,2.153
25,20,30,30,3,0.0001,2.149
25,20,30,30,4,0.0001,2.143
25,20,30,30,8,0.0001,2.121
25,20,30,30,12,0.0001,2.1
25,20,30,30,16,0.0001,2.078
25,20,30,30,20,0.0001,2.055
25,20,30,30,24,0.0001,2.037
25,20,30,60,0,0.0001,2.163
25,20,30,60,1,0.0001,2.153
25,20,30,60,2,0.0001,2.142
25,20,30,60,3,0.0001,2.131
25,20,30,60,4,0.0001,2.119
25,20,30,60,8,0.0001,2.070
25,20,30,60,12,0.0001,2.013
25,20,30,60,16,0.0001,1.973
25,20,30,60,20,0.0001,1.949
25,20,30,60,24,0.0001,1.936
30,0,30,10,0,0.0001,1.152
30,0,30,10,1,0.0001,1.143
30,0,30,10,2,0.0001,1.135
30,0,30,10,3,0.0001,1.127
30,0,30,10,4,0.0001,1.121
30,0,30,10,8,0.0001,1.092
30,0,30,10,12,0.0001,1.073
30,0,30,10,16,0.0001,1.06
30,0,30,10,20,0.0001,1.05
30,0,30,10,24,0.0001,1.042
30,0,30,30,0,0.0001,1.159
30,0,30,30,1,0.0001,1.124
30,0,30,30,2,0.0001,1.08
30,0,30,30,3,0.0001,1.045
30,0,30,30,4,0.0001,1.02
30,0,30,30,8,0.0001,0.955
30,0,30,30,12,0.0001,0.91
30,0,30,30,16,0.0001,0.869
30,0,30,30,20,0.0001,0.832
30,0,30,30,24,0.0001,0.8
30,0,30,60,0,0.0001,1.159
30,0,30,60,1,0.0001,1.066
30,0,30,60,2,0.0001,0.992
30,0,30,60,3,0.0001,0.936
30,0,30,60,4,0.0001,0.894
30,0,30,60,8,0.0001,0.777
30,0,30,60,12,0.0001,0.694
30,0,30,60,16,0.0001,0.630
30,0,30,60,20,0.0001,0.590
30,0,30,60,24,0.0001,0.549
30,5,30,10,0,0.0001,1.531
30,5,30,10,1,0.0001,1.528
30,5,30,10,2,0.0001,1.525
30,5,30,10,3,0.0001,1.522
30,5,30,10,4,0.0001,1.52
30,5,30,10,8,0.0001,1.511
30,5,30,10,12,0.0001,1.501
30,5,30,10,16,0.0001,1.492
30,5,30,10,20,0.0001,1.485
30,5,30,10,24,0.0001,1.478
30,5,30,30,0,0.0001,1.534
30,5,30,30,1,0.0001,1.523
30,5,30,30,2,0.0001,1.514
30,5,30,30,3,0.0001,1.505
30,5,30,30,4,0.0001,1.496
30,5,30,30,8,0.0001,1.462
30,5,30,30,12,0.0001,1.43
30,5,30,30,16,0.0001,1.399
30,5,30,30,20,0.0001,1.373
30,5,30,30,24,0.0001,1.351
30,5,30,60,0,0.0001,1.534
30,5,30,60,1,0.0001,1.512
30,5,30,60,2,0.0001,1.494
30,5,30,60,3,0.0001,1.474
30,5,30,60,4,0.0001,1.456
30,5,30,60,8,0.0001,1.379
30,5,30,60,12,0.0001,1.310
30,5,30,60,16,0.0001,1.258
30,5,30,60,20,0.0001,1.227
30,5,30,60,24,0.0001,1.209
30,10,30,10,0,0.0001,1.851
30,10,30,10,1,0.0001,1.849
30,10,30,10,2,0.0001,1.846
30,10,30,10,3,0.0001,1.844
30,10,30,10,4,0.0001,1.842
30,10,30,10,8,0.0001,1.835
30,10,30,10,12,0.0001,1.825
30,10,30,10,16,0.0001,1.816
30,10,30,10,20,0.0001,1.808
30,10,30,10,24,0.0001,1.801
30,10,30,30,0,0.0001,1.853
30,10,30,30,1,0.0001,1.845
30,10,30,30,2,0.0001,1.837
30,10,30,30,3,0.0001,1.829
30,10,30,30,4,0.0001,1.82
30,10,30,30,8,0.0001,1.785
30,10,30,30,12,0.0001,1.753
30,10,30,30,16,0.0001,1.722
30,10,30,30,20,0.0001,1.695
30,10,30,30,24,0.0001,1.673
30,10,30,60,0,0.0001,1.853
30,10,30,60,1,0.0001,1.836
30,10,30,60,2,0.0001,1.818
30,10,30,60,3,0.0001,1.798
30,10,30,60,4,0.0001,1.780
30,10,30,60,8,0.0001,1.703
30,10,30,60,12,0.0001,1.634
30,10,30,60,16,0.0001,1.584
30,10,30,60,20,0.0001,1.555
30,10,30,60,24,0.0001,1.539
30,15,30,10,0,0.0001,2.134
30,15,30,10,1,0.0001,2.132
30,15,30,10,2,0.0001,2.13
30,15,30,10,3,0.0001,2.128
30,15,30,10,4,0.0001,2.126
30,15,30,10,8,0.0001,2.119
30,15,30,10,12,0.0001,2.112
30,15,30,10,16,0.0001,2.105
30,15,30,10,20,0.0001,2.099
30,15,30,10,24,0.0001,2.093
30,15,30,30,0,0.0001,2.136
30,15,30,30,1,0.0001,2.128
30,15,30,30,2,0.0001,2.121
30,15,30,30,3,0.0001,2.114
30,15,30,30,4,0.0001,2.107
30,15,30,30,8,0.0001,2.081
30,15,30,30,12,0.0001,2.057
30,15,30,30,16,0.0001,2.03
30,15,30,30,20,0.0001,2.001
30,15,30,30,24,0.0001,1.98
30,15,30,60,0,0.0001,2.136
30,15,30,60,1,0.0001,2.120
30,15,30,60,2,0.0001,2.105
30,15,30,60,3,0.0001,2.090
30,15,30,60,4,0.0001,2.076
30,15,30,60,8,0.0001,2.018
30,15,30,60,12,0.0001,1.949
30,15,30,60,16,0.0001,1.900
30,15,30,60,20,0.0001,1.872
30,15,30,60,24,0.0001,1.856
30,20,30,10,0,0.0001,2.413
30,20,30,10,1,0.0001,2.41
30,20,30,10,2,0.0001,2.408
30,20,30,10,3,0.0001,2.406
30,20,30,10,4,0.0001,2.404
30,20,30,10,8,0.0001,2.397
30,20,30,10,12,0.0001,2.39
30,20,30,10,16,0.0001,2.383
30,20,30,10,20,0.0001,2.377
30,20,30,10,24,0.0001,2.371
30,20,30,30,0,0.0001,2.415
30,20,30,30,1,0.0001,2.407
30,20,30,30,2,0.0001,2.4
30,20,30,30,3,0.0001,2.394
30,20,30,30,4,0.0001,2.387
30,20,30,30,8,0.0001,2.36
30,20,30,30,12,0.0001,2.335
30,20,30,30,16,0.0001,2.307
30,20,30,30,20,0.0001,2.279
30,20,30,30,24,0.0001,2.257
30,20,30,60,0,0.0001,2.415
30,20,30,60,1,0.0001,2.400
30,20,30,60,2,0.0001,2.386
30,20,30,60,3,0.0001,2.372
30,20,30,60,4,0.0001,2.358
30,20,30,60,8,0.0001,2.298
30,20,30,60,12,0.0001,2.227
30,20,30,60,16,0.0001,2.178
30,20,30,60,20,0.0001,2.149
30,20,30,60,24,0.0001,2.133
15,0,45,10,0,0.0001,0.336
15,0,45,10,1,0.0001,0.332
15,0,45,10,2,0.0001,0.33
15,0,45,10,3,0.0001,0.329
15,0,45,10,4,0.0001,0.328
15,0,45,10,8,0.0001,0.321
15,0,45,10,12,0.0001,0.318
15,0,45,10,16,0.0001,0.315
15,0,45,10,20,0.0001,0.314
15,0,45,10,24,0.0001,0.313
15,0,45,30,0,0.0001,0.336
15,0,45,30,1,0.0001,0.328
15,0,45,30,2,0.0001,0.317
15,0,45,30,3,0.0001,0.31
15,0,45,30,4,0.0001,0.304
15,0,45,30,8,0.0001,0.289
15,0,45,30,12,0.0001,0.278
15,0,45,30,16,0.0001,0.267
15,0,45,30,20,0.0001,0.254
15,0,45,30,24,0.0001,0.243
15,0,45,60,0,0.0001,0.336
15,0,45,60,1,0.0001,0.313
15,0,45,60,2,0.0001,0.292
15,0,45,60,3,0.0001,0.276
15,0,45,60,4,0.0001,0.263
15,0,45,60,8,0.0001,0.234
15,0,45,60,12,0.0001,0.206
15,0,45,60,16,0.0001,0.188
15,0,45,60,20,0.0001,0.181
15,0,45,60,24,0.0001,0.178
15,5,45,10,0,0.0001,0.696
15,5,45,10,1,0.0001,0.694
15,5,45,10,2,0.0001,0.693
15,5,45,10,3,0.0001,0.691
15,5,45,10,4,0.0001,0.69
15,5,45,10,8,0.0001,0.688
15,5,45,10,12,0.0001,0.684
15,5,45,10,16,0.0001,0.68
15,5,45,10,20,0.0001,0.677
15,5,45,10,24,0.0001,0.673
15,5,45,30,0,0.0001,0.696
15,5,45,30,1,0.0001,0.691
15,5,45,30,2,0.0001,0.688
15,5,45,30,3,0.0001,0.686
15,5,45,30,4,0.0001,0.683
15,5,45,30,8,0.0001,0.669
15,5,45,30,12,0.0001,0.656
15,5,45,30,16,0.0001,0.644
15,5,45,30,20,0.0001,0.637
15,5,45,30,24,0.0001,0.631
15,5,45,60,0,0.0001,0.696
15,5,45,60,1,0.0001,0.688
15,5,45,60,2,0.0001,0.681
15,5,45,60,3,0.0001,0.673
15,5,45,60,4,0.0001,0.665
15,5,45,60,8,0.0001,0.634
15,5,45,60,12,0.0001,0.612
15,5,45,60,16,0.0001,0.599
15,5,45,60,20,0.0001,0.594
15,5,45,60,24,0.0001,0.592
15,10,45,10,0,0.0001,0.966
15,10,45,10,1,0.0001,0.965
15,10,45,10,2,0.0001,0.97
15,10,45,10,3,0.0001,0.969
15,10,45,10,4,0.0001,0.968
15,10,45,10,8,0.0001,0.962
15,10,45,10,12,0.0001,0.96
15,10,45,10,16,0.0001,0.958
15,10,45,10,20,0.0001,0.956
15,10,45,10,24,0.0001,0.954
15,10,45,30,0,0.0001,0.966
15,10,45,30,1,0.0001,0.969
15,10,45,30,2,0.0001,0.967
15,10,45,30,3,0.0001,0.962
15,10,45,30,4,0.0001,0.96
15,10,45,30,8,0.0001,0.952
15,10,45,30,12,0.0001,0.945
15,10,45,30,16,0.0001,0.935
15,10,45,30,20,0.0001,0.926
15,10,45,30,24,0.0001,0.92
15,10,45,60,0,0.0001,0.966
15,10,45,60,1,0.0001,0.967
15,10,45,60,2,0.0001,0.96
15,10,45,60,3,0.0001,0.955
15,10,45,60,4,0.0001,0.95
15,10,45,60,8,0.0001,0.929
15,10,45,60,12,0.0001,0.905
15,10,45,60,16,0.0001,0.891
15,10,45,60,20,0.0001,0.886
15,10,45,60,24,0.0001,0.884
15,15,45,10,0,0.0001,1.221
15,15,45,10,1,0.0001,1.22
15,15,45,10,2,0.0001,1.219
15,15,45,10,3,0.0001,1.218
15,15,45,10,4,0.0001,1.217
15,15,45,10,8,0.0001,1.215
15,15,45,10,12,0.0001,1.213
15,15,45,10,16,0.0001,1.211
15,15,45,10,20,0.0001,1.192
15,15,45,10,24,0.0001,1.197
15,15,45,30,0,0.0001,1.221
15,15,45,30,1,0.0001,1.218
15,15,45,30,2,0.0001,1.216
15,15,45,30,3,0.0001,1.215
15,15,45,30,4,0.0001,1.213
15,15,45,30,8,0.0001,1.192
15,15,45,30,12,0.0001,1.188
15,15,45,30,16,0.0001,1.18
15,15,45,30,20,0.0001,1.17
15,15,45,30,24,0.0001,1.164
15,15,45,60,0,0.0001,1.221
15,15,45,60,1,0.0001,1.216
15,15,45,60,2,0.0001,1.212
15,15,45,60,3,0.0001,1.208
15,15,45,60,4,0.0001,1.187
15,15,45,60,8,0.0001,1.175
15,15,45,60,12,0.0001,1.15
15,15,45,60,16,0.0001,1.136
15,15,45,60,20,0.0001,1.13
15,15,45,60,24,0.0001,1.128
15,20,45,10,0,0.0001,1.464
15,20,45,10,1,0.0001,1.463
15,20,45,10,2,0.0001,1.462
15,20,45,10,3,0.0001,1.461
15,20,45,10,4,0.0001,1.46
15,20,45,10,8,0.0001,1.458
15,20,45,10,12,0.0001,1.457
15,20,45,10,16,0.0001,1.454
15,20,45,10,20,0.0001,1.452
15,20,45,10,24,0.0001,1.451
15,20,45,30,0,0.0001,1.464
15,20,45,30,1,0.0001,1.461
15,20,45,30,2,0.0001,1.459
15,20,45,30,3,0.0001,1.458
15,20,45,30,4,0.0001,1.456
15,20,45,30,8,0.0001,1.449
15,20,45,30,12,0.0001,1.441
15,20,45,30,16,0.0001,1.433
15,20,45,30,20,0.0001,1.423
15,20,45,30,24,0.0001,1.417
15,20,45,60,0,0.0001,1.464
15,20,45,60,1,0.0001,1.459
15,20,45,60,2,0.0001,1.456
15,20,45,60,3,0.0001,1.451
15,20,45,60,4,0.0001,1.447
15,20,45,60,8,0.0001,1.429
15,20,45,60,12,0.0001,1.404
15,20,45,60,16,0.0001,1.39
15,20,45,60,20,0.0001,1.384
15,20,45,60,24,0.0001,1.382
20,0,45,10,0,0.0001,0.455
20,0,45,10,1,0.0001,0.451
20,0,45,10,2,0.0001,0.448
20,0,45,10,3,0.0001,0.446
20,0,45,10,4,0.0001,0.445
20,0,45,10,8,0.0001,0.435
20,0,45,10,12,0.0001,0.43
20,0,45,10,16,0.0001,0.426
20,0,45,10,20,0.0001,0.424
20,0,45,10,24,0.0001,0.423
20,0,45,30,0,0.0001,0.455
20,0,45,30,1,0.0001,0.445
20,0,45,30,2,0.0001,0.43
20,0,45,30,3,0.0001,0.42
20,0,45,30,4,0.0001,0.412
20,0,45,30,8,0.0001,0.392
20,0,45,30,12,0.0001,0.377
20,0,45,30,16,0.0001,0.362
20,0,45,30,20,0.0001,0.344
20,0,45,30,24,0.0001,0.329
20,0,45,60,0,0.0001,0.455
20,0,45,60,1,0.0001,0.424
20,0,45,60,2,0.0001,0.396
20,0,45,60,3,0.0001,0.375
20,0,45,60,4,0.0001,0.358
20,0,45,60,8,0.0001,0.317
20,0,45,60,12,0.0001,0.279
20,0,45,60,16,0.0001,0.254
20,0,45,60,20,0.0001,0.247
20,0,45,60,24,0.0001,0.244
20,5,45,10,0,0.0001,0.836
20,5,45,10,1,0.0001,0.833
20,5,45,10,2,0.0001,0.831
20,5,45,10,3,0.0001,0.829
20,5,45,10,4,0.0001,0.828
20,5,45,10,8,0.0001,0.824
20,5,45,10,12,0.0001,0.819
20,5,45,10,16,0.0001,0.814
20,5,45,10,20,0.0001,0.81
20,5,45,10,24,0.0001,0.805
20,5,45,30,0,0.0001,0.836
20,5,45,30,1,0.0001,0.829
20,5,45,30,2,0.0001,0.825
20,5,45,30,3,0.0001,0.821
20,5,45,30,4,0.0001,0.817
20,5,45,30,8,0.0001,0.8
20,5,45,30,12,0.0001,0.782
20,5,45,30,16,0.0001,0.768
20,5,45,30,20,0.0001,0.757
20,5,45,30,24,0.0001,0.749
20,5,45,60,0,0.0001,0.836
20,5,45,60,1,0.0001,0.824
20,5,45,60,2,0.0001,0.815
20,5,45,60,3,0.0001,0.804
20,5,45,60,4,0.0001,0.794
20,5,45,60,8,0.0001,0.753
20,5,45,60,12,0.0001,0.724
20,5,45,60,16,0.0001,0.706
20,5,45,60,20,0.0001,0.699
20,5,45,60,24,0.0001,0.696
20,10,45,10,0,0.0001,1.129
20,10,45,10,1,0.0001,1.127
20,10,45,10,2,0.0001,1.125
20,10,45,10,3,0.0001,1.124
20,10,45,10,4,0.0001,1.123
20,10,45,10,8,0.0001,1.12
20,10,45,10,12,0.0001,1.116
20,10,45,10,16,0.0001,1.113
20,10,45,10,20,0.0001,1.11
20,10,45,10,24,0.0001,1.107
20,10,45,30,0,0.0001,1.129
20,10,45,30,1,0.0001,1.124
20,10,45,30,2,0.0001,1.121
20,10,45,30,3,0.0001,1.119
20,10,45,30,4,0.0001,1.115
20,10,45,30,8,0.0001,1.102
20,10,45,30,12,0.0001,1.084
20,10,45,30,16,0.0001,1.068
20,10,45,30,20,0.0001,1.058
20,10,45,30,24,0.0001,1.05
20,10,45,60,0,0.0001,1.129
20,10,45,60,1,0.0001,1.121
20,10,45,60,2,0.0001,1.114
20,10,45,60,3,0.0001,1.107
20,10,45,60,4,0.0001,1.096
20,10,45,60,8,0.0001,1.054
20,10,45,60,12,0.0001,1.024
20,10,45,60,16,0.0001,1.007
20,10,45,60,20,0.0001,1
20,10,45,60,24,0.0001,0.997
20,15,45,10,0,0.0001,1.38
20,15,45,10,1,0.0001,1.379
20,15,45,10,2,0.0001,1.379
20,15,45,10,3,0.0001,1.378
20,15,45,10,4,0.0001,1.378
20,15,45,10,8,0.0001,1.376
20,15,45,10,12,0.0001,1.374
20,15,45,10,16,0.0001,1.37
20,15,45,10,20,0.0001,1.367
20,15,45,10,24,0.0001,1.365
20,15,45,30,0,0.0001,1.38
20,15,45,30,1,0.0001,1.378
20,15,45,30,2,0.0001,1.377
20,15,45,30,3,0.0001,1.375
20,15,45,30,4,0.0001,1.373
20,15,45,30,8,0.0001,1.362
20,15,45,30,12,0.0001,1.352
20,15,45,30,16,0.0001,1.342
20,15,45,30,20,0.0001,1.329
20,15,45,30,24,0.0001,1.32
20,15,45,60,0,0.0001,1.38
20,15,45,60,1,0.0001,1.377
20,15,45,60,2,0.0001,1.372
20,15,45,60,3,0.0001,1.366
20,15,45,60,4,0.0001,1.36
20,15,45,60,8,0.0001,1.335
20,15,45,60,12,0.0001,1.302
20,15,45,60,16,0.0001,1.283
20,15,45,60,20,0.0001,1.276
20,15,45,60,24,0.0001,1.273
20,20,45,10,0,0.0001,1.639
20,20,45,10,1,0.0001,1.638
20,20,45,10,2,0.0001,1.637
20,20,45,10,3,0.0001,1.636
20,20,45,10,4,0.0001,1.635
20,20,45,10,8,0.0001,1.632
20,20,45,10,12,0.0001,1.629
20,20,45,10,16,0.0001,1.626
20,20,45,10,20,0.0001,1.609
20,20,45,10,24,0.0001,1.607
20,20,45,30,0,0.0001,1.639
20,20,45,30,1,0.0001,1.636
20,20,45,30,2,0.0001,1.633
20,20,45,30,3,0.0001,1.631
20,20,45,30,4,0.0001,1.629
20,20,45,30,8,0.0001,1.603
20,20,45,30,12,0.0001,1.595
20,20,45,30,16,0.0001,1.584
20,20,45,30,20,0.0001,1.571
20,20,45,30,24,0.0001,1.563
20,20,45,60,0,0.0001,1.639
20,20,45,60,1,0.0001,1.633
20,20,45,60,2,0.0001,1.628
20,20,45,60,3,0.0001,1.622
20,20,45,60,4,0.0001,1.601
20,20,45,60,8,0.0001,1.578
20,20,45,60,12,0.0001,1.545
20,20,45,60,16,0.0001,1.526
20,20,45,60,20,0.0001,1.518
20,20,45,60,24,0.0001,1.515
25,0,45,10,0,0.0001,0.584
25,0,45,10,1,0.0001,0.578
25,0,45,10,2,0.0001,0.573
25,0,45,10,3,0.0001,0.571
25,0,45,10,4,0.0001,0.568
25,0,45,10,8,0.0001,0.557
25,0,45,10,12,0.0001,0.55
25,0,45,10,16,0.0001,0.546
25,0,45,10,20,0.0001,0.543
25,0,45,10,24,0.0001,0.541
25,0,45,30,0,0.0001,0.584
25,0,45,30,1,0.0001,0.57
25,0,45,30,2,0.0001,0.551
25,0,45,30,3,0.0001,0.537
25,0,45,30,4,0.0001,0.527
25,0,45,30,8,0.0001,0.502
25,0,45,30,12,0.0001,0.482
25,0,45,30,16,0.0001,0.463
25,0,45,30,20,0.0001,0.44
25,0,45,30,24,0.0001,0.421
25,0,45,60,0,0.0001,0.584
25,0,45,60,1,0.0001,0.543
25,0,45,60,2,0.0001,0.506
25,0,45,60,3,0.0001,0.48
25,0,45,60,4,0.0001,0.457
25,0,45,60,8,0.0001,0.405
25,0,45,60,12,0.0001,0.357
25,0,45,60,16,0.0001,0.325
25,0,45,60,20,0.0001,0.314
25,0,45,60,24,0.0001,0.309
25,5,45,10,0,0.0001,0.985
25,5,45,10,1,0.0001,0.981
25,5,45,10,2,0.0001,0.979
25,5,45,10,3,0.0001,0.977
25,5,45,10,4,0.0001,0.975
25,5,45,10,8,0.0001,0.97
25,5,45,10,12,0.0001,0.964
25,5,45,10,16,0.0001,0.957
25,5,45,10,20,0.0001,0.952
25,5,45,10,24,0.0001,0.947
25,5,45,30,0,0.0001,0.985
25,5,45,30,1,0.0001,0.977
25,5,45,30,2,0.0001,0.971
25,5,45,30,3,0.0001,0.967
25,5,45,30,4,0.0001,0.961
25,5,45,30,8,0.0001,0.94
25,5,45,30,12,0.0001,0.918
25,5,45,30,16,0.0001,0.899
25,5,45,30,20,0.0001,0.885
25,5,45,30,24,0.0001,0.876
25,5,45,60,0,0.0001,0.985
25,5,45,60,1,0.0001,0.971
25,5,45,60,2,0.0001,0.959
25,5,45,60,3,0.0001,0.945
25,5,45,60,4,0.0001,0.933
25,5,45,60,8,0.0001,0.881
25,5,45,60,12,0.0001,0.843
25,5,45,60,16,0.0001,0.82
25,5,45,60,20,0.0001,0.811
25,5,45,60,24,0.0001,0.808
25,10,45,10,0,0.0001,1.287
25,10,45,10,1,0.0001,1.284
25,10,45,10,2,0.0001,1.281
25,10,45,10,3,0.0001,1.279
25,10,45,10,4,0.0001,1.277
25,10,45,10,8,0.0001,1.272
25,10,45,10,12,0.0001,1.265
25,10,45,10,16,0.0001,1.259
25,10,45,10,20,0.0001,1.254
25,10,45,10,24,0.0001,1.248
25,10,45,30,0,0.0001,1.287
25,10,45,30,1,0.0001,1.279
25,10,45,30,2,0.0001,1.273
25,10,45,30,3,0.0001,1.269
25,10,45,30,4,0.0001,1.263
25,10,45,30,8,0.0001,1.242
25,10,45,30,12,0.0001,1.218
25,10,45,30,16,0.0001,1.199
25,10,45,30,20,0.0001,1.186
25,10,45,30,24,0.0001,1.176
25,10,45,60,0,0.0001,1.287
25,10,45,60,1,0.0001,1.273
25,10,45,60,2,0.0001,1.261
25,10,45,60,3,0.0001,1.247
25,10,45,60,4,0.0001,1.234
25,10,45,60,8,0.0001,1.181
25,10,45,60,12,0.0001,1.143
25,10,45,60,16,0.0001,1.12
25,10,45,60,20,0.0001,1.111
25,10,45,60,24,0.0001,1.108
25,15,45,10,0,0.0001,1.562
25,15,45,10,1,0.0001,1.56
25,15,45,10,2,0.0001,1.558
25,15,45,10,3,0.0001,1.556
25,15,45,10,4,0.0001,1.555
25,15,45,10,8,0.0001,1.551
25,15,45,10,12,0.0001,1.547
25,15,45,10,16,0.0001,1.542
25,15,45,10,20,0.0001,1.539
25,15,45,10,24,0.0001,1.536
25,15,45,30,0,0.0001,1.562
25,15,45,30,1,0.0001,1.557
25,15,45,30,2,0.0001,1.553
25,15,45,30,3,0.0001,1.549
25,15,45,30,4,0.0001,1.545
25,15,45,30,8,0.0001,1.53
25,15,45,30,12,0.0001,1.516
25,15,45,30,16,0.0001,1.499
25,15,45,30,20,0.0001,1.482
25,15,45,30,24,0.0001,1.472
25,15,45,60,0,0.0001,1.562
25,15,45,60,1,0.0001,1.552
25,15,45,60,2,0.0001,1.544
25,15,45,60,3,0.0001,1.535
25,15,45,60,4,0.0001,1.526
25,15,45,60,8,0.0001,1.482
25,15,45,60,12,0.0001,1.445
25,15,45,60,16,0.0001,1.421
25,15,45,60,20,0.0001,1.413
25,15,45,60,24,0.0001,1.409
25,20,45,10,0,0.0001,1.805
25,20,45,10,1,0.0001,1.805
25,20,45,10,2,0.0001,1.804
25,20,45,10,3,0.0001,1.803
25,20,45,10,4,0.0001,1.803
25,20,45,10,8,0.0001,1.8
25,20,45,10,12,0.0001,1.797
25,20,45,10,16,0.0001,1.793
25,20,45,10,20,0.0001,1.79
25,20,45,10,24,0.0001,1.787
25,20,45,30,0,0.0001,1.805
25,20,45,30,1,0.0001,1.803
25,20,45,30,2,0.0001,1.802
25,20,45,30,3,0.0001,1.799
25,20,45,30,4,0.0001,1.796
25,20,45,30,8,0.0001,1.783
25,20,45,30,12,0.0001,1.77
25,20,45,30,16,0.0001,1.757
25,20,45,30,20,0.0001,1.741
25,20,45,30,24,0.0001,1.73
25,20,45,60,0,0.0001,1.805
25,20,45,60,1,0.0001,1.802
25,20,45,60,2,0.0001,1.796
25,20,45,60,3,0.0001,1.788
25,20,45,60,4,0.0001,1.78
25,20,45,60,8,0.0001,1.749
25,20,45,60,12,0.0001,1.707
25,20,45,60,16,0.0001,1.682
25,20,45,60,20,0.0001,1.673
25,20,45,60,24,0.0001,1.669
30,0,45,10,0,0.0001,0.721
30,0,45,10,1,0.0001,0.715
30,0,45,10,2,0.0001,0.71
30,0,45,10,3,0.0001,0.706
30,0,45,10,4,0.0001,0.702
30,0,45,10,8,0.0001,0.688
30,0,45,10,12,0.0001,0.679
30,0,45,10,16,0.0001,0.674
30,0,45,10,20,0.0001,0.671
30,0,45,10,24,0.0001,0.668
30,0,45,30,0,0.0001,0.721
30,0,45,30,1,0.0001,0.703
30,0,45,30,2,0.0001,0.68
30,0,45,30,3,0.0001,0.663
30,0,45,30,4,0.0001,0.651
30,0,45,30,8,0.0001,0.62
30,0,45,30,12,0.0001,0.596
30,0,45,30,16,0.0001,0.572
30,0,45,30,20,0.0001,0.544
30,0,45,30,24,0.0001,0.52
30,0,45,60,0,0.0001,0.721
30,0,45,60,1,0.0001,0.67
30,0,45,60,2,0.0001,0.625
30,0,45,60,3,0.0001,0.592
30,0,45,60,4,0.0001,0.566
30,0,45,60,8,0.0001,0.502
30,0,45,60,12,0.0001,0.442
30,0,45,60,16,0.0001,0.403
30,0,45,60,20,0.0001,0.39
30,0,45,60,24,0.0001,0.384
30,5,45,10,0,0.0001,1.146
30,5,45,10,1,0.0001,1.141
30,5,45,10,2,0.0001,1.138
30,5,45,10,3,0.0001,1.136
30,5,45,10,4,0.0001,1.134
30,5,45,10,8,0.0001,1.127
30,5,45,10,12,0.0001,1.12
30,5,45,10,16,0.0001,1.113
30,5,45,10,20,0.0001,1.107
30,5,45,10,24,0.0001,1.1
30,5,45,30,0,0.0001,1.146
30,5,45,30,1,0.0001,1.136
30,5,45,30,2,0.0001,1.129
30,5,45,30,3,0.0001,1.124
30,5,45,30,4,0.0001,1.117
30,5,45,30,8,0.0001,1.092
30,5,45,30,12,0.0001,1.064
30,5,45,30,16,0.0001,1.042
30,5,45,30,20,0.0001,1.024
30,5,45,30,24,0.0001,1.012
30,5,45,60,0,0.0001,1.146
30,5,45,60,1,0.0001,1.128
30,5,45,60,2,0.0001,1.114
30,5,45,60,3,0.0001,1.098
30,5,45,60,4,0.0001,1.082
30,5,45,60,8,0.0001,1.018
30,5,45,60,12,0.0001,0.972
30,5,45,60,16,0.0001,0.945
30,5,45,60,20,0.0001,0.933
30,5,45,60,24,0.0001,0.929
30,10,45,10,0,0.0001,1.448
30,10,45,10,1,0.0001,1.443
30,10,45,10,2,0.0001,1.44
30,10,45,10,3,0.0001,1.438
30,10,45,10,4,0.0001,1.436
30,10,45,10,8,0.0001,1.429
30,10,45,10,12,0.0001,1.421
30,10,45,10,16,0.0001,1.414
30,10,45,10,20,0.0001,1.408
30,10,45,10,24,0.0001,1.401
30,10,45,30,0,0.0001,1.448
30,10,45,30,1,0.0001,1.438
30,10,45,30,2,0.0001,1.431
30,10,45,30,3,0.0001,1.425
30,10,45,30,4,0.0001,1.418
30,10,45,30,8,0.0001,1.393
30,10,45,30,12,0.0001,1.364
30,10,45,30,16,0.0001,1.341
30,10,45,30,20,0.0001,1.324
30,10,45,30,24,0.0001,1.312
30,10,45,60,0,0.0001,1.448
30,10,45,60,1,0.0001,1.43
30,10,45,60,2,0.0001,1.415
30,10,45,60,3,0.0001,1.399
30,10,45,60,4,0.0001,1.384
30,10,45,60,8,0.0001,1.318
30,10,45,60,12,0.0001,1.272
30,10,45,60,16,0.0001,1.243
30,10,45,60,20,0.0001,1.232
30,10,45,60,24,0.0001,1.228
30,15,45,10,0,0.0001,1.742
30,15,45,10,1,0.0001,1.739
30,15,45,10,2,0.0001,1.737
30,15,45,10,3,0.0001,1.735
30,15,45,10,4,0.0001,1.734
30,15,45,10,8,0.0001,1.729
30,15,45,10,12,0.0001,1.723
30,15,45,10,16,0.0001,1.716
30,15,45,10,20,0.0001,1.709
30,15,45,10,24,0.0001,1.703
30,15,45,30,0,0.0001,1.742
30,15,45,30,1,0.0001,1.735
30,15,45,30,2,0.0001,1.731
30,15,45,30,3,0.0001,1.726
30,15,45,30,4,0.0001,1.721
30,15,45,30,8,0.0001,1.695
30,15,45,30,12,0.0001,1.665
30,15,45,30,16,0.0001,1.642
30,15,45,30,20,0.0001,1.625
30,15,45,30,24,0.0001,1.613
30,15,45,60,0,0.0001,1.742
30,15,45,60,1,0.0001,1.73
30,15,45,60,2,0.0001,1.718
30,15,45,60,3,0.0001,1.701
30,15,45,60,4,0.0001,1.686
30,15,45,60,8,0.0001,1.619
30,15,45,60,12,0.0001,1.573
30,15,45,60,16,0.0001,1.544
30,15,45,60,20,0.0001,1.533
30,15,45,60,24,0.0001,1.529
30,20,45,10,0,0.0001,2.003
30,20,45,10,1,0.0001,2.002
30,20,45,10,2,0.0001,2.002
30,20,45,10,3,0.0001,2.001
30,20,45,10,4,0.0001,2
30,20,45,10,8,0.0001,1.996
30,20,45,10,12,0.0001,1.99
30,20,45,10,16,0.0001,1.985
30,20,45,10,20,0.0001,1.981
30,20,45,10,24,0.0001,1.977
30,20,45,30,0,0.0001,2.003
30,20,45,30,1,0.0001,2.001
30,20,45,30,2,0.0001,1.998
30,20,45,30,3,0.0001,1.994
30,20,45,30,4,0.0001,1.989
30,20,45,30,8,0.0001,1.97
30,20,45,30,12,0.0001,1.952
30,20,45,30,16,0.0001,1.932
30,20,45,30,20,0.0001,1.911
30,20,45,30,24,0.0001,1.898
30,20,45,60,0,0.0001,2.003
30,20,45,60,1,0.0001,1.997
30,20,45,60,2,0.0001,1.987
30,20,45,60,3,0.0001,1.976
30,20,45,60,4,0.0001,1.964
30,20,45,60,8,0.0001,1.919
30,20,45,60,12,0.0001,1.866
30,20,45,60,16,0.0001,1.837
30,20,45,60,20,0.0001,1.826
30,20,45,60,24,0.0001,1.822
15,0,60,10,0,0.0001,0.371
15,0,60,10,1,0.0001,0.369
15,0,60,10,2,0.0001,0.363
15,0,60,10,3,0.0001,0.359
15,0,60,10,4,0.0001,0.356
15,0,60,10,8,0.0001,0.337
15,0,60,10,12,0.0001,0.297
15,0,60,10,16,0.0001,0.266
15,0,60,10,20,0.0001,0.259
15,0,60,10,24,0.0001,0.252
15,0,60,30,0,0.0001,0.371
15,0,60,30,1,0.0001,0.359
15,0,60,30,2,0.0001,0.348
15,0,60,30,3,0.0001,0.312
15,0,60,30,4,0.0001,0.29
15,0,60,30,8,0.0001,0.233
15,0,60,30,12,0.0001,0.218
15,0,60,30,16,0.0001,0.214
15,0,60,30,20,0.0001,0.211
15,0,60,30,24,0.0001,0.205
15,0,60,60,0,0.0001,0.371
15,0,60,60,1,0.0001,0.346
15,0,60,60,2,0.0001,0.239
15,0,60,60,3,0.0001,0.213
15,0,60,60,4,0.0001,0.201
15,0,60,60,8,0.0001,0.167
15,0,60,60,12,0.0001,0.131
15,0,60,60,16,0.0001,0.106
15,0,60,60,20,0.0001,0.112
15,0,60,60,24,0.0001,0.104
15,5,60,10,0,0.0001,0.659
15,5,60,10,1,0.0001,0.657
15,5,60,10,2,0.0001,0.656
15,5,60,10,3,0.0001,0.655
15,5,60,10,4,0.0001,0.654
15,5,60,10,8,0.0001,0.652
15,5,60,10,12,0.0001,0.649
15,5,60,10,16,0.0001,0.59
15,5,60,10,20,0.0001,0.588
15,5,60,10,24,0.0001,0.586
15,5,60,30,0,0.0001,0.659
15,5,60,30,1,0.0001,0.655
15,5,60,30,2,0.0001,0.652
15,5,60,30,3,0.0001,0.65
15,5,60,30,4,0.0001,0.648
15,5,60,30,8,0.0001,0.583
15,5,60,30,12,0.0001,0.573
15,5,60,30,16,0.0001,0.563
15,5,60,30,20,0.0001,0.556
15,5,60,30,24,0.0001,0.551
15,5,60,60,0,0.0001,0.659
15,5,60,60,1,0.0001,0.652
15,5,60,60,2,0.0001,0.647
15,5,60,60,3,0.0001,0.589
15,5,60,60,4,0.0001,0.582
15,5,60,60,8,0.0001,0.559
15,5,60,60,12,0.0001,0.541
15,5,60,60,16,0.0001,0.527
15,5,60,60,20,0.0001,0.52
15,5,60,60,24,0.0001,0.517
15,10,60,10,0,0.0001,0.905
15,10,60,10,1,0.0001,0.903
15,10,60,10,2,0.0001,0.903
15,10,60,10,3,0.0001,0.902
15,10,60,10,4,0.0001,0.902
15,10,60,10,8,0.0001,0.899
15,10,60,10,12,0.0001,0.863
15,10,60,10,16,0.0001,0.861
15,10,60,10,20,0.0001,0.859
15,10,60,10,24,0.0001,0.857
15,10,60,30,0,0.0001,0.905
15,10,60,30,1,0.0001,0.902
15,10,60,30,2,0.0001,0.9
15,10,60,30,3,0.0001,0.889
15,10,60,30,4,0.0001,0.891
15,10,60,30,8,0.0001,0.855
15,10,60,30,12,0.0001,0.847
15,10,60,30,16,0.0001,0.84
15,10,60,30,20,0.0001,0.832
15,10,60,30,24,0.0001,0.825
15,10,60,60,0,0.0001,0.905
15,10,60,60,1,0.0001,0.9
15,10,60,60,2,0.0001,0.896
15,10,60,60,3,0.0001,0.857
15,10,60,60,4,0.0001,0.854
15,10,60,60,8,0.0001,0.837
15,10,60,60,12,0.0001,0.818
15,10,60,60,16,0.0001,0.799
15,10,60,60,20,0.0001,0.791
15,10,60,60,24,0.0001,0.788
15,15,60,10,0,0.0001,1.17
15,15,60,10,1,0.0001,1.168
15,15,60,10,2,0.0001,1.103
15,15,60,10,3,0.0001,1.167
15,15,60,10,4,0.0001,1.166
15,15,60,10,8,0.0001,1.164
15,15,60,10,12,0.0001,1.161
15,15,60,10,16,0.0001,1.16
15,15,60,10,20,0.0001,1.158
15,15,60,10,24,0.0001,1.156
15,15,60,30,0,0.0001,1.17
15,15,60,30,1,0.0001,1.167
15,15,60,30,2,0.0001,1.165
15,15,60,30,3,0.0001,1.163
15,15,60,30,4,0.0001,1.161
15,15,60,30,8,0.0001,1.154
15,15,60,30,12,0.0001,1.147
15,15,60,30,16,0.0001,1.14
15,15,60,30,20,0.0001,1.133
15,15,60,30,24,0.0001,1.062
15,15,60,60,0,0.0001,1.17
15,15,60,60,1,0.0001,1.165
15,15,60,60,2,0.0001,1.16
15,15,60,60,3,0.0001,1.156
15,15,60,60,4,0.0001,1.153
15,15,60,60,8,0.0001,1.138
15,15,60,60,12,0.0001,1.118
15,15,60,60,16,0.0001,1.095
15,15,60,60,20,0.0001,1.086
15,15,60,60,24,0.0001,1.081
15,20,60,10,0,0.0001,1.377
15,20,60,10,1,0.0001,1.376
15,20,60,10,2,0.0001,1.375
15,20,60,10,3,0.0001,1.374
15,20,60,10,4,0.0001,1.374
15,20,60,10,8,0.0001,1.372
15,20,60,10,12,0.0001,1.323
15,20,60,10,16,0.0001,1.367
15,20,60,10,20,0.0001,1.365
15,20,60,10,24,0.0001,1.364
15,20,60,30,0,0.0001,1.377
15,20,60,30,1,0.0001,1.374
15,20,60,30,2,0.0001,1.372
15,20,60,30,3,0.0001,1.371
15,20,60,30,4,0.0001,1.369
15,20,60,30,8,0.0001,1.361
15,20,60,30,12,0.0001,1.354
15,20,60,30,16,0.0001,1.348
15,20,60,30,20,0.0001,1.34
15,20,60,30,24,0.0001,1.331
15,20,60,60,0,0.0001,1.377
15,20,60,60,1,0.0001,1.372
15,20,60,60,2,0.0001,1.368
15,20,60,60,3,0.0001,1.364
15,20,60,60,4,0.0001,1.361
15,20,60,60,8,0.0001,1.345
15,20,60,60,12,0.0001,1.326
15,20,60,60,16,0.0001,1.303
15,20,60,60,20,0.0001,1.294
15,20,60,60,24,0.0001,1.29
20,0,60,10,0,0.0001,0.502
20,0,60,10,1,0.0001,0.495
20,0,60,10,2,0.0001,0.487
20,0,60,10,3,0.0001,0.482
20,0,60,10,4,0.0001,0.477
20,0,60,10,8,0.0001,0.452
20,0,60,10,12,0.0001,0.4
20,0,60,10,16,0.0001,0.36
20,0,60,10,20,0.0001,0.348
20,0,60,10,24,0.0001,0.34
20,0,60,30,0,0.0001,0.502
20,0,60,30,1,0.0001,0.481
20,0,60,30,2,0.0001,0.467
20,0,60,30,3,0.0001,0.447
20,0,60,30,4,0.0001,0.389
20,0,60,30,8,0.0001,0.315
20,0,60,30,12,0.0001,0.295
20,0,60,30,16,0.0001,0.289
20,0,60,30,20,0.0001,0.285
20,0,60,30,24,0.0001,0.277
20,0,60,60,0,0.0001,0.502
20,0,60,60,1,0.0001,0.465
20,0,60,60,2,0.0001,0.364
20,0,60,60,3,0.0001,0.286
20,0,60,60,4,0.0001,0.27
20,0,60,60,8,0.0001,0.225
20,0,60,60,12,0.0001,0.175
20,0,60,60,16,0.0001,0.112
20,0,60,60,20,0.0001,0.121
20,0,60,60,24,0.0001,0.112
20,5,60,10,0,0.0001,0.814
20,5,60,10,1,0.0001,0.784
20,5,60,10,2,0.0001,0.74
20,5,60,10,3,0.0001,0.74
20,5,60,10,4,0.0001,0.732
20,5,60,10,8,0.0001,0.73
20,5,60,10,12,0.0001,0.723
20,5,60,10,16,0.0001,0.718
20,5,60,10,20,0.0001,0.716
20,5,60,10,24,0.0001,0.712
20,5,60,30,0,0.0001,0.814
20,5,60,30,1,0.0001,0.739
20,5,60,30,2,0.0001,0.73
20,5,60,30,3,0.0001,0.728
20,5,60,30,4,0.0001,0.725
20,5,60,30,8,0.0001,0.709
20,5,60,30,12,0.0001,0.688
20,5,60,30,16,0.0001,0.679
20,5,60,30,20,0.0001,0.67
20,5,60,30,24,0.0001,0.664
20,5,60,60,0,0.0001,0.814
20,5,60,60,1,0.0001,0.729
20,5,60,60,2,0.0001,0.723
20,5,60,60,3,0.0001,0.711
20,5,60,60,4,0.0001,0.705
20,5,60,60,8,0.0001,0.667
20,5,60,60,12,0.0001,0.65
20,5,60,60,16,0.0001,0.632
20,5,60,60,20,0.0001,0.624
20,5,60,60,24,0.0001,0.62
20,10,60,10,0,0.0001,1.035
20,10,60,10,1,0.0001,1.032
20,10,60,10,2,0.0001,1.031
20,10,60,10,3,0.0001,1.03
20,10,60,10,4,0.0001,1.029
20,10,60,10,8,0.0001,1.023
20,10,60,10,12,0.0001,1.02
20,10,60,10,16,0.0001,1.016
20,10,60,10,20,0.0001,1.013
20,10,60,10,24,0.0001,1.01
20,10,60,30,0,0.0001,1.035
20,10,60,30,1,0.0001,1.029
20,10,60,30,2,0.0001,1.027
20,10,60,30,3,0.0001,1.021
20,10,60,30,4,0.0001,0.959
20,10,60,30,8,0.0001,1.007
20,10,60,30,12,0.0001,0.996
20,10,60,30,16,0.0001,0.986
20,10,60,30,20,0.0001,0.976
20,10,60,30,24,0.0001,0.966
20,10,60,60,0,0.0001,1.035
20,10,60,60,1,0.0001,1.026
20,10,60,60,2,0.0001,1.016
20,10,60,60,3,0.0001,1.01
20,10,60,60,4,0.0001,1.004
20,10,60,60,8,0.0001,0.981
20,10,60,60,12,0.0001,0.955
20,10,60,60,16,0.0001,0.932
20,10,60,60,20,0.0001,0.922
20,10,60,60,24,0.0001,0.917
20,15,60,10,0,0.0001,1.284
20,15,60,10,1,0.0001,1.284
20,15,60,10,2,0.0001,1.283
20,15,60,10,3,0.0001,1.281
20,15,60,10,4,0.0001,1.281
20,15,60,10,8,0.0001,1.278
20,15,60,10,12,0.0001,1.276
20,15,60,10,16,0.0001,1.273
20,15,60,10,20,0.0001,1.259
20,15,60,10,24,0.0001,1.223
20,15,60,30,0,0.0001,1.284
20,15,60,30,1,0.0001,1.281
20,15,60,30,2,0.0001,1.28
20,15,60,30,3,0.0001,1.277
20,15,60,30,4,0.0001,1.275
20,15,60,30,8,0.0001,1.266
20,15,60,30,12,0.0001,1.209
20,15,60,30,16,0.0001,1.2
20,15,60,30,20,0.0001,1.19
20,15,60,30,24,0.0001,1.179
20,15,60,60,0,0.0001,1.284
20,15,60,60,1,0.0001,1.279
20,15,60,60,2,0.0001,1.274
20,15,60,60,3,0.0001,1.269
20,15,60,60,4,0.0001,1.265
20,15,60,60,8,0.0001,1.195
20,15,60,60,12,0.0001,1.169
20,15,60,60,16,0.0001,1.19
20,15,60,60,20,0.0001,1.177
20,15,60,60,24,0.0001,1.172
20,20,60,10,0,0.0001,1.572
20,20,60,10,1,0.0001,1.571
20,20,60,10,2,0.0001,1.57
20,20,60,10,3,0.0001,1.521
20,20,60,10,4,0.0001,1.568
20,20,60,10,8,0.0001,1.565
20,20,60,10,12,0.0001,1.562
20,20,60,10,16,0.0001,1.559
20,20,60,10,20,0.0001,1.556
20,20,60,10,24,0.0001,1.554
20,20,60,30,0,0.0001,1.572
20,20,60,30,1,0.0001,1.568
20,20,60,30,2,0.0001,1.566
20,20,60,30,3,0.0001,1.564
20,20,60,30,4,0.0001,1.561
20,20,60,30,8,0.0001,1.551
20,20,60,30,12,0.0001,1.542
20,20,60,30,16,0.0001,1.533
20,20,60,30,20,0.0001,1.523
20,20,60,30,24,0.0001,1.511
20,20,60,60,0,0.0001,1.572
20,20,60,60,1,0.0001,1.565
20,20,60,60,2,0.0001,1.56
20,20,60,60,3,0.0001,1.555
20,20,60,60,4,0.0001,1.55
20,20,60,60,8,0.0001,1.529
20,20,60,60,12,0.0001,1.503
20,20,60,60,16,0.0001,1.422
20,20,60,60,20,0.0001,1.459
20,20,60,60,24,0.0001,1.453
25,0,60,10,0,0.0001,0.642
25,0,60,10,1,0.0001,0.629
25,0,60,10,2,0.0001,0.62
25,0,60,10,3,0.0001,0.613
25,0,60,10,4,0.0001,0.608
25,0,60,10,8,0.0001,0.576
25,0,60,10,12,0.0001,0.51
25,0,60,10,16,0.0001,0.459
25,0,60,10,20,0.0001,0.444
25,0,60,10,24,0.0001,0.433
25,0,60,30,0,0.0001,0.642
25,0,60,30,1,0.0001,0.612
25,0,60,30,2,0.0001,0.595
25,0,60,30,3,0.0001,0.569
25,0,60,30,4,0.0001,0.495
25,0,60,30,8,0.0001,0.402
25,0,60,30,12,0.0001,0.377
25,0,60,30,16,0.0001,0.37
25,0,60,30,20,0.0001,0.364
25,0,60,30,24,0.0001,0.354
25,0,60,60,0,0.0001,0.642
25,0,60,60,1,0.0001,0.592
25,0,60,60,2,0.0001,0.472
25,0,60,60,3,0.0001,0.392
25,0,60,60,4,0.0001,0.344
25,0,60,60,8,0.0001,0.287
25,0,60,60,12,0.0001,0.296
25,0,60,60,16,0.0001,0.142
25,0,60,60,20,0.0001,0.119
25,0,60,60,24,0.0001,0.112
25,5,60,10,0,0.0001,0.883
25,5,60,10,1,0.0001,0.881
25,5,60,10,2,0.0001,0.88
25,5,60,10,3,0.0001,0.879
25,5,60,10,4,0.0001,0.877
25,5,60,10,8,0.0001,0.865
25,5,60,10,12,0.0001,0.859
25,5,60,10,16,0.0001,0.854
25,5,60,10,20,0.0001,0.832
25,5,60,10,24,0.0001,0.82
25,5,60,30,0,0.0001,0.883
25,5,60,30,1,0.0001,0.878
25,5,60,30,2,0.0001,0.875
25,5,60,30,3,0.0001,0.862
25,5,60,30,4,0.0001,0.857
25,5,60,30,8,0.0001,0.815
25,5,60,30,12,0.0001,0.759
25,5,60,30,16,0.0001,0.744
25,5,60,30,20,0.0001,0.737
25,5,60,30,24,0.0001,0.731
25,5,60,60,0,0.0001,0.883
25,5,60,60,1,0.0001,0.873
25,5,60,60,2,0.0001,0.854
25,5,60,60,3,0.0001,0.844
25,5,60,60,4,0.0001,0.819
25,5,60,60,8,0.0001,0.73
25,5,60,60,12,0.0001,0.709
25,5,60,60,16,0.0001,0.722
25,5,60,60,20,0.0001,0.724
25,5,60,60,24,0.0001,0.727
25,10,60,10,0,0.0001,1.2
25,10,60,10,1,0.0001,1.198
25,10,60,10,2,0.0001,1.195
25,10,60,10,3,0.0001,1.193
25,10,60,10,4,0.0001,1.192
25,10,60,10,8,0.0001,1.188
25,10,60,10,12,0.0001,1.183
25,10,60,10,16,0.0001,1.179
25,10,60,10,20,0.0001,1.099
25,10,60,10,24,0.0001,1.074
25,10,60,30,0,0.0001,1.2
25,10,60,30,1,0.0001,1.193
25,10,60,30,2,0.0001,1.189
25,10,60,30,3,0.0001,1.186
25,10,60,30,4,0.0001,1.182
25,10,60,30,8,0.0001,1.09
25,10,60,30,12,0.0001,1.055
25,10,60,30,16,0.0001,1.04
25,10,60,30,20,0.0001,1.028
25,10,60,30,24,0.0001,1.017
25,10,60,60,0,0.0001,1.2
25,10,60,60,1,0.0001,1.188
25,10,60,60,2,0.0001,1.179
25,10,60,60,3,0.0001,1.171
25,10,60,60,4,0.0001,1.164
25,10,60,60,8,0.0001,1.033
25,10,60,60,12,0.0001,1.001
25,10,60,60,16,0.0001,0.974
25,10,60,60,20,0.0001,0.961
25,10,60,60,24,0.0001,0.955
25,15,60,10,0,0.0001,1.475
25,15,60,10,1,0.0001,1.413
25,15,60,10,2,0.0001,1.411
25,15,60,10,3,0.0001,1.409
25,15,60,10,4,0.0001,1.408
25,15,60,10,8,0.0001,1.405
25,15,60,10,12,0.0001,1.401
25,15,60,10,16,0.0001,1.395
25,15,60,10,20,0.0001,1.391
25,15,60,10,24,0.0001,1.389
25,15,60,30,0,0.0001,1.475
25,15,60,30,1,0.0001,1.409
25,15,60,30,2,0.0001,1.406
25,15,60,30,3,0.0001,1.403
25,15,60,30,4,0.0001,1.4
25,15,60,30,8,0.0001,1.383
25,15,60,30,12,0.0001,1.37
25,15,60,30,16,0.0001,1.357
25,15,60,30,20,0.0001,1.344
25,15,60,30,24,0.0001,1.332
25,15,60,60,0,0.0001,1.475
25,15,60,60,1,0.0001,1.405
25,15,60,60,2,0.0001,1.397
25,15,60,60,3,0.0001,1.389
25,15,60,60,4,0.0001,1.381
25,15,60,60,8,0.0001,1.35
25,15,60,60,12,0.0001,1.318
25,15,60,60,16,0.0001,1.289
25,15,60,60,20,0.0001,1.276
25,15,60,60,24,0.0001,1.27
25,20,60,10,0,0.0001,1.674
25,20,60,10,1,0.0001,1.675
25,20,60,10,2,0.0001,1.674
25,20,60,10,3,0.0001,1.673
25,20,60,10,4,0.0001,1.672
25,20,60,10,8,0.0001,1.67
25,20,60,10,12,0.0001,1.666
25,20,60,10,16,0.0001,1.663
25,20,60,10,20,0.0001,1.661
25,20,60,10,24,0.0001,1.658
25,20,60,30,0,0.0001,1.674
25,20,60,30,1,0.0001,1.673
25,20,60,30,2,0.0001,1.67
25,20,60,30,3,0.0001,1.668
25,20,60,30,4,0.0001,1.665
25,20,60,30,8,0.0001,1.654
25,20,60,30,12,0.0001,1.642
25,20,60,30,16,0.0001,1.57
25,20,60,30,20,0.0001,1.556
25,20,60,30,24,0.0001,1.543
25,20,60,60,0,0.0001,1.674
25,20,60,60,1,0.0001,1.67
25,20,60,60,2,0.0001,1.664
25,20,60,60,3,0.0001,1.657
25,20,60,60,4,0.0001,1.652
25,20,60,60,8,0.0001,1.563
25,20,60,60,12,0.0001,1.593
25,20,60,60,16,0.0001,1.556
25,20,60,60,20,0.0001,1.54
25,20,60,60,24,0.0001,1.533
30,0,60,10,0,0.0001,0.788
30,0,60,10,1,0.0001,0.771
30,0,60,10,2,0.0001,0.76
30,0,60,10,3,0.0001,0.752
30,0,60,10,4,0.0001,0.745
30,0,60,10,8,0.0001,0.705
30,0,60,10,12,0.0001,0.627
30,0,60,10,16,0.0001,0.565
30,0,60,10,20,0.0001,0.546
30,0,60,10,24,0.0001,0.533
30,0,60,30,0,0.0001,0.788
30,0,60,30,1,0.0001,0.75
30,0,60,30,2,0.0001,0.73
30,0,60,30,3,0.0001,0.698
30,0,60,30,4,0.0001,0.636
30,0,60,30,8,0.0001,0.496
30,0,60,30,12,0.0001,0.465
30,0,60,30,16,0.0001,0.456
30,0,60,30,20,0.0001,0.449
30,0,60,30,24,0.0001,0.437
30,0,60,60,0,0.0001,0.788
30,0,60,60,1,0.0001,0.726
30,0,60,60,2,0.0001,0.579
30,0,60,60,3,0.0001,0.483
30,0,60,60,4,0.0001,0.455
30,0,60,60,8,0.0001,0.405
30,0,60,60,12,0.0001,0.465
30,0,60,60,16,0.0001,0.174
30,0,60,60,20,0.0001,0.143
30,0,60,60,24,0.0001,0.131
30,5,60,10,0,0.0001,1.041
30,5,60,10,1,0.0001,1.037
30,5,60,10,2,0.0001,1.036
30,5,60,10,3,0.0001,1.018
30,5,60,10,4,0.0001,1.017
30,5,60,10,8,0.0001,1.012
30,5,60,10,12,0.0001,1.005
30,5,60,10,16,0.0001,0.971
30,5,60,10,20,0.0001,0.944
30,5,60,10,24,0.0001,0.906
30,5,60,30,0,0.0001,1.041
30,5,60,30,1,0.0001,1.017
30,5,60,30,2,0.0001,1.012
30,5,60,30,3,0.0001,1.008
30,5,60,30,4,0.0001,1.003
30,5,60,30,8,0.0001,0.925
30,5,60,30,12,0.0001,0.865
30,5,60,30,16,0.0001,0.847
30,5,60,30,20,0.0001,0.839
30,5,60,30,24,0.0001,0.833
30,5,60,60,0,0.0001,1.041
30,5,60,60,1,0.0001,1.01
30,5,60,60,2,0.0001,0.999
30,5,60,60,3,0.0001,0.987
30,5,60,60,4,0.0001,0.918
30,5,60,60,8,0.0001,0.831
30,5,60,60,12,0.0001,0.805
30,5,60,60,16,0.0001,0.779
30,5,60,60,20,0.0001,0.766
30,5,60,60,24,0.0001,0.759
30,10,60,10,0,0.0001,1.381
30,10,60,10,1,0.0001,1.377
30,10,60,10,2,0.0001,1.375
30,10,60,10,3,0.0001,1.373
30,10,60,10,4,0.0001,1.371
30,10,60,10,8,0.0001,1.366
30,10,60,10,12,0.0001,1.24
30,10,60,10,16,0.0001,1.234
30,10,60,10,20,0.0001,1.229
30,10,60,10,24,0.0001,1.224
30,10,60,30,0,0.0001,1.381
30,10,60,30,1,0.0001,1.372
30,10,60,30,2,0.0001,1.367
30,10,60,30,3,0.0001,1.363
30,10,60,30,4,0.0001,1.236
30,10,60,30,8,0.0001,1.219
30,10,60,30,12,0.0001,1.195
30,10,60,30,16,0.0001,1.175
30,10,60,30,20,0.0001,1.16
30,10,60,30,24,0.0001,1.149
30,10,60,60,0,0.0001,1.381
30,10,60,60,1,0.0001,1.366
30,10,60,60,2,0.0001,1.24
30,10,60,60,3,0.0001,1.223
30,10,60,60,4,0.0001,1.213
30,10,60,60,8,0.0001,1.165
30,10,60,60,12,0.0001,1.128
30,10,60,60,16,0.0001,1.099
30,10,60,60,20,0.0001,1.086
30,10,60,60,24,0.0001,1.08
30,15,60,10,0,0.0001,1.602
30,15,60,10,1,0.0001,1.598
30,15,60,10,2,0.0001,1.597
30,15,60,10,3,0.0001,1.595
30,15,60,10,4,0.0001,1.588
30,15,60,10,8,0.0001,1.583
30,15,60,10,12,0.0001,1.577
30,15,60,10,16,0.0001,1.571
30,15,60,10,20,0.0001,1.567
30,15,60,10,24,0.0001,1.563
30,15,60,30,0,0.0001,1.602
30,15,60,30,1,0.0001,1.594
30,15,60,30,2,0.0001,1.583
30,15,60,30,3,0.0001,1.58
30,15,60,30,4,0.0001,1.575
30,15,60,30,8,0.0001,1.557
30,15,60,30,12,0.0001,1.54
30,15,60,30,16,0.0001,1.511
30,15,60,30,20,0.0001,1.496
30,15,60,30,24,0.0001,1.488
30,15,60,60,0,0.0001,1.602
30,15,60,60,1,0.0001,1.582
30,15,60,60,2,0.0001,1.572
30,15,60,60,3,0.0001,1.562
30,15,60,60,4,0.0001,1.553
30,15,60,60,8,0.0001,1.517
30,15,60,60,12,0.0001,1.477
30,15,60,60,16,0.0001,1.441
30,15,60,60,20,0.0001,1.425
30,15,60,60,24,0.0001,1.417
30,20,60,10,0,0.0001,1.883
30,20,60,10,1,0.0001,1.88
30,20,60,10,2,0.0001,1.879
30,20,60,10,3,0.0001,1.877
30,20,60,10,4,0.0001,1.802
30,20,60,10,8,0.0001,1.797
30,20,60,10,12,0.0001,1.793
30,20,60,10,16,0.0001,1.788
30,20,60,10,20,0.0001,1.783
30,20,60,10,24,0.0001,1.78
30,20,60,30,0,0.0001,1.883
30,20,60,30,1,0.0001,1.877
30,20,60,30,2,0.0001,1.798
30,20,60,30,3,0.0001,1.795
30,20,60,30,4,0.0001,1.79
30,20,60,30,8,0.0001,1.773
30,20,60,30,12,0.0001,1.757
30,20,60,30,16,0.0001,1.742
30,20,60,30,20,0.0001,1.726
30,20,60,30,24,0.0001,1.71
30,20,60,60,0,0.0001,1.883
30,20,60,60,1,0.0001,1.797
30,20,60,60,2,0.0001,1.788
30,20,60,60,3,0.0001,1.778
30,20,60,60,4,0.0001,1.77
30,20,60,60,8,0.0001,1.733
30,20,60,60,12,0.0001,1.693
30,20,60,60,16,0.0001,1.656
30,20,60,60,20,0.0001,1.639
30,20,60,60,24,0.0001,1.632
15,0,75,10,0,0.0001,0.297
15,0,75,10,1,0.0001,0.291
15,0,75,10,2,0.0001,0.293
15,0,75,10,3,0.0001,0.29
15,0,75,10,4,0.0001,0.288
15,0,75,10,8,0.0001,0.273
15,0,75,10,12,0.0001,0.259
15,0,75,10,16,0.0001,0.231
15,0,75,10,20,0.0001,0.214
15,0,75,10,24,0.0001,0.204
15,0,75,30,0,0.0001,0.297
15,0,75,30,1,0.0001,0.298
15,0,75,30,2,0.0001,0.283
15,0,75,30,3,0.0001,0.271
15,0,75,30,4,0.0001,0.262
15,0,75,30,8,0.0001,0.187
15,0,75,30,12,0.0001,0.175
15,0,75,30,16,0.0001,0.176
15,0,75,30,20,0.0001,0.178
15,0,75,30,24,0.0001,0.178
15,0,75,60,0,0.0001,0.297
15,0,75,60,1,0.0001,0.282
15,0,75,60,2,0.0001,0.261
15,0,75,60,3,0.0001,0.198
15,0,75,60,4,0.0001,0.162
15,0,75,60,8,0.0001,0.138
15,0,75,60,12,0.0001,0.136
15,0,75,60,16,0.0001,0.125
15,0,75,60,20,0.0001,0.123
15,0,75,60,24,0.0001,0.122
15,5,75,10,0,0.0001,0.56
15,5,75,10,1,0.0001,0.557
15,5,75,10,2,0.0001,0.555
15,5,75,10,3,0.0001,0.553
15,5,75,10,4,0.0001,0.551
15,5,75,10,8,0.0001,0.547
15,5,75,10,12,0.0001,0.542
15,5,75,10,16,0.0001,0.536
15,5,75,10,20,0.0001,0.532
15,5,75,10,24,0.0001,0.528
15,5,75,30,0,0.0001,0.56
15,5,75,30,1,0.0001,0.552
15,5,75,30,2,0.0001,0.549
15,5,75,30,3,0.0001,0.546
15,5,75,30,4,0.0001,0.543
15,5,75,30,8,0.0001,0.528
15,5,75,30,12,0.0001,0.515
15,5,75,30,16,0.0001,0.501
15,5,75,30,20,0.0001,0.493
15,5,75,30,24,0.0001,0.491
15,5,75,60,0,0.0001,0.56
15,5,75,60,1,0.0001,0.549
15,5,75,60,2,0.0001,0.542
15,5,75,60,3,0.0001,0.517
15,5,75,60,4,0.0001,0.527
15,5,75,60,8,0.0001,0.5
15,5,75,60,12,0.0001,0.485
15,5,75,60,16,0.0001,0.48
15,5,75,60,20,0.0001,0.478
15,5,75,60,24,0.0001,0.476
15,10,75,10,0,0.0001,0.786
15,10,75,10,1,0.0001,0.739
15,10,75,10,2,0.0001,0.737
15,10,75,10,3,0.0001,0.736
15,10,75,10,4,0.0001,0.734
15,10,75,10,8,0.0001,0.774
15,10,75,10,12,0.0001,0.728
15,10,75,10,16,0.0001,0.762
15,10,75,10,20,0.0001,0.758
15,10,75,10,24,0.0001,0.754
15,10,75,30,0,0.0001,0.786
15,10,75,30,1,0.0001,0.736
15,10,75,30,2,0.0001,0.788
15,10,75,30,3,0.0001,0.731
15,10,75,30,4,0.0001,0.728
15,10,75,30,8,0.0001,0.754
15,10,75,30,12,0.0001,0.74
15,10,75,30,16,0.0001,0.727
15,10,75,30,20,0.0001,0.69
15,10,75,30,24,0.0001,0.717
15,10,75,60,0,0.0001,0.786
15,10,75,60,1,0.0001,0.732
15,10,75,60,2,0.0001,0.728
15,10,75,60,3,0.0001,0.759
15,10,75,60,4,0.0001,0.753
15,10,75,60,8,0.0001,0.726
15,10,75,60,12,0.0001,0.711
15,10,75,60,16,0.0001,0.672
15,10,75,60,20,0.0001,0.668
15,10,75,60,24,0.0001,0.702
15,15,75,10,0,0.0001,0.993
15,15,75,10,1,0.0001,0.991
15,15,75,10,2,0.0001,0.99
15,15,75,10,3,0.0001,0.989
15,15,75,10,4,0.0001,0.988
15,15,75,10,8,0.0001,0.985
15,15,75,10,12,0.0001,0.982
15,15,75,10,16,0.0001,0.978
15,15,75,10,20,0.0001,0.976
15,15,75,10,24,0.0001,0.973
15,15,75,30,0,0.0001,0.993
15,15,75,30,1,0.0001,0.989
15,15,75,30,2,0.0001,0.939
15,15,75,30,3,0.0001,0.984
15,15,75,30,4,0.0001,0.982
15,15,75,30,8,0.0001,0.973
15,15,75,30,12,0.0001,0.965
15,15,75,30,16,0.0001,0.957
15,15,75,30,20,0.0001,0.95
15,15,75,30,24,0.0001,0.945
15,15,75,60,0,0.0001,0.993
15,15,75,60,1,0.0001,0.938
15,15,75,60,2,0.0001,0.982
15,15,75,60,3,0.0001,0.976
15,15,75,60,4,0.0001,0.971
15,15,75,60,8,0.0001,0.955
15,15,75,60,12,0.0001,0.94
15,15,75,60,16,0.0001,0.929
15,15,75,60,20,0.0001,0.925
15,15,75,60,24,0.0001,0.923
15,20,75,10,0,0.0001,1.189
15,20,75,10,1,0.0001,1.187
15,20,75,10,2,0.0001,1.186
15,20,75,10,3,0.0001,1.187
15,20,75,10,4,0.0001,1.184
15,20,75,10,8,0.0001,1.181
15,20,75,10,12,0.0001,1.178
15,20,75,10,16,0.0001,1.175
15,20,75,10,20,0.0001,1.174
15,20,75,10,24,0.0001,1.171
15,20,75,30,0,0.0001,1.189
15,20,75,30,1,0.0001,1.187
15,20,75,30,2,0.0001,1.182
15,20,75,30,3,0.0001,1.181
15,20,75,30,4,0.0001,1.178
15,20,75,30,8,0.0001,1.172
15,20,75,30,12,0.0001,1.162
15,20,75,30,16,0.0001,1.155
15,20,75,30,20,0.0001,1.148
15,20,75,30,24,0.0001,1.143
15,20,75,60,0,0.0001,1.189
15,20,75,60,1,0.0001,1.182
15,20,75,60,2,0.0001,1.178
15,20,75,60,3,0.0001,1.173
15,20,75,60,4,0.0001,1.168
15,20,75,60,8,0.0001,1.153
15,20,75,60,12,0.0001,1.138
15,20,75,60,16,0.0001,1.127
15,20,75,60,20,0.0001,1.123
15,20,75,60,24,0.0001,1.121
20,0,75,10,0,0.0001,0.399
20,0,75,10,1,0.0001,0.434
20,0,75,10,2,0.0001,0.394
20,0,75,10,3,0.0001,0.389
20,0,75,10,4,0.0001,0.387
20,0,75,10,8,0.0001,0.374
20,0,75,10,12,0.0001,0.353
20,0,75,10,16,0.0001,0.324
20,0,75,10,20,0.0001,0.286
20,0,75,10,24,0.0001,0.273
20,0,75,30,0,0.0001,0.399
20,0,75,30,1,0.0001,0.389
20,0,75,30,2,0.0001,0.38
20,0,75,30,3,0.0001,0.364
20,0,75,30,4,0.0001,0.351
20,0,75,30,8,0.0001,0.25
20,0,75,30,12,0.0001,0.234
20,0,75,30,16,0.0001,0.236
20,0,75,30,20,0.0001,0.238
20,0,75,30,24,0.0001,0.239
20,0,75,60,0,0.0001,0.399
20,0,75,60,1,0.0001,0.379
20,0,75,60,2,0.0001,0.35
20,0,75,60,3,0.0001,0.266
20,0,75,60,4,0.0001,0.218
20,0,75,60,8,0.0001,0.185
20,0,75,60,12,0.0001,0.192
20,0,75,60,16,0.0001,0.214
20,0,75,60,20,0.0001,0.214
20,0,75,60,24,0.0001,0.214
20,5,75,10,0,0.0001,0.676
20,5,75,10,1,0.0001,0.671
20,5,75,10,2,0.0001,0.669
20,5,75,10,3,0.0001,0.667
20,5,75,10,4,0.0001,0.665
20,5,75,10,8,0.0001,0.66
20,5,75,10,12,0.0001,0.653
20,5,75,10,16,0.0001,0.645
20,5,75,10,20,0.0001,0.639
20,5,75,10,24,0.0001,0.634
20,5,75,30,0,0.0001,0.676
20,5,75,30,1,0.0001,0.666
20,5,75,30,2,0.0001,0.662
20,5,75,30,3,0.0001,0.659
20,5,75,30,4,0.0001,0.654
20,5,75,30,8,0.0001,0.634
20,5,75,30,12,0.0001,0.617
20,5,75,30,16,0.0001,0.599
20,5,75,30,20,0.0001,0.589
20,5,75,30,24,0.0001,0.586
20,5,75,60,0,0.0001,0.676
20,5,75,60,1,0.0001,0.662
20,5,75,60,2,0.0001,0.653
20,5,75,60,3,0.0001,0.641
20,5,75,60,4,0.0001,0.633
20,5,75,60,8,0.0001,0.597
20,5,75,60,12,0.0001,0.578
20,5,75,60,16,0.0001,0.571
20,5,75,60,20,0.0001,0.568
20,5,75,60,24,0.0001,0.566
20,10,75,10,0,0.0001,0.903
20,10,75,10,1,0.0001,0.898
20,10,75,10,2,0.0001,0.895
20,10,75,10,3,0.0001,0.893
20,10,75,10,4,0.0001,0.889
20,10,75,10,8,0.0001,0.888
20,10,75,10,12,0.0001,0.879
20,10,75,10,16,0.0001,0.871
20,10,75,10,20,0.0001,0.865
20,10,75,10,24,0.0001,0.86
20,10,75,30,0,0.0001,0.903
20,10,75,30,1,0.0001,0.893
20,10,75,30,2,0.0001,0.888
20,10,75,30,3,0.0001,0.844
20,10,75,30,4,0.0001,0.88
20,10,75,30,8,0.0001,0.86
20,10,75,30,12,0.0001,0.843
20,10,75,30,16,0.0001,0.825
20,10,75,30,20,0.0001,0.791
20,10,75,30,24,0.0001,0.811
20,10,75,60,0,0.0001,0.903
20,10,75,60,1,0.0001,0.888
20,10,75,60,2,0.0001,0.879
20,10,75,60,3,0.0001,0.867
20,10,75,60,4,0.0001,0.858
20,10,75,60,8,0.0001,0.823
20,10,75,60,12,0.0001,0.803
20,10,75,60,16,0.0001,0.796
20,10,75,60,20,0.0001,0.793
20,10,75,60,24,0.0001,0.791
20,15,75,10,0,0.0001,1.133
20,15,75,10,1,0.0001,1.131
20,15,75,10,2,0.0001,1.129
20,15,75,10,3,0.0001,1.128
20,15,75,10,4,0.0001,1.054
20,15,75,10,8,0.0001,1.123
20,15,75,10,12,0.0001,1.118
20,15,75,10,16,0.0001,1.114
20,15,75,10,20,0.0001,1.11
20,15,75,10,24,0.0001,1.107
20,15,75,30,0,0.0001,1.133
20,15,75,30,1,0.0001,1.127
20,15,75,30,2,0.0001,1.052
20,15,75,30,3,0.0001,1.122
20,15,75,30,4,0.0001,1.119
20,15,75,30,8,0.0001,1.107
20,15,75,30,12,0.0001,1.097
20,15,75,30,16,0.0001,1.086
20,15,75,30,20,0.0001,1.077
20,15,75,30,24,0.0001,1.07
20,15,75,60,0,0.0001,1.133
20,15,75,60,1,0.0001,1.124
20,15,75,60,2,0.0001,1.118
20,15,75,60,3,0.0001,1.111
20,15,75,60,4,0.0001,1.105
20,15,75,60,8,0.0001,1.083
20,15,75,60,12,0.0001,1.029
20,15,75,60,16,0.0001,1.022
20,15,75,60,20,0.0001,1.043
20,15,75,60,24,0.0001,1.018
20,20,75,10,0,0.0001,1.332
20,20,75,10,1,0.0001,1.329
20,20,75,10,2,0.0001,1.327
20,20,75,10,3,0.0001,1.325
20,20,75,10,4,0.0001,1.324
20,20,75,10,8,0.0001,1.321
20,20,75,10,12,0.0001,1.316
20,20,75,10,16,0.0001,1.312
20,20,75,10,20,0.0001,1.308
20,20,75,10,24,0.0001,1.306
20,20,75,30,0,0.0001,1.332
20,20,75,30,1,0.0001,1.325
20,20,75,30,2,0.0001,1.322
20,20,75,30,3,0.0001,1.32
20,20,75,30,4,0.0001,1.317
20,20,75,30,8,0.0001,1.305
20,20,75,30,12,0.0001,1.295
20,20,75,30,16,0.0001,1.284
20,20,75,30,20,0.0001,1.274
20,20,75,30,24,0.0001,1.267
20,20,75,60,0,0.0001,1.332
20,20,75,60,1,0.0001,1.322
20,20,75,60,2,0.0001,1.316
20,20,75,60,3,0.0001,1.308
20,20,75,60,4,0.0001,1.303
20,20,75,60,8,0.0001,1.281
20,20,75,60,12,0.0001,1.261
20,20,75,60,16,0.0001,1.246
20,20,75,60,20,0.0001,1.241
20,20,75,60,24,0.0001,1.238
25,0,75,10,0,0.0001,0.508
25,0,75,10,1,0.0001,0.498
25,0,75,10,2,0.0001,0.54
25,0,75,10,3,0.0001,0.496
25,0,75,10,4,0.0001,0.503
25,0,75,10,8,0.0001,0.477
25,0,75,10,12,0.0001,0.449
25,0,75,10,16,0.0001,0.413
25,0,75,10,20,0.0001,0.364
25,0,75,10,24,0.0001,0.348
25,0,75,30,0,0.0001,0.508
25,0,75,30,1,0.0001,0.495
25,0,75,30,2,0.0001,0.483
25,0,75,30,3,0.0001,0.473
25,0,75,30,4,0.0001,0.455
25,0,75,30,8,0.0001,0.318
25,0,75,30,12,0.0001,0.298
25,0,75,30,16,0.0001,0.3
25,0,75,30,20,0.0001,0.302
25,0,75,30,24,0.0001,0.303
25,0,75,60,0,0.0001,0.508
25,0,75,60,1,0.0001,0.482
25,0,75,60,2,0.0001,0.453
25,0,75,60,3,0.0001,0.337
25,0,75,60,4,0.0001,0.276
25,0,75,60,8,0.0001,0.248
25,0,75,60,12,0.0001,0.272
25,0,75,60,16,0.0001,0.272
25,0,75,60,20,0.0001,0.272
25,0,75,60,24,0.0001,0.272
25,5,75,10,0,0.0001,0.8
25,5,75,10,1,0.0001,0.795
25,5,75,10,2,0.0001,0.791
25,5,75,10,3,0.0001,0.788
25,5,75,10,4,0.0001,0.787
25,5,75,10,8,0.0001,0.78
25,5,75,10,12,0.0001,0.771
25,5,75,10,16,0.0001,0.762
25,5,75,10,20,0.0001,0.755
25,5,75,10,24,0.0001,0.748
25,5,75,30,0,0.0001,0.8
25,5,75,30,1,0.0001,0.788
25,5,75,30,2,0.0001,0.783
25,5,75,30,3,0.0001,0.778
25,5,75,30,4,0.0001,0.772
25,5,75,30,8,0.0001,0.731
25,5,75,30,12,0.0001,0.694
25,5,75,30,16,0.0001,0.688
25,5,75,30,20,0.0001,0.688
25,5,75,30,24,0.0001,0.688
25,5,75,60,0,0.0001,0.8
25,5,75,60,1,0.0001,0.782
25,5,75,60,2,0.0001,0.771
25,5,75,60,3,0.0001,0.757
25,5,75,60,4,0.0001,0.746
25,5,75,60,8,0.0001,0.654
25,5,75,60,12,0.0001,0.677
25,5,75,60,16,0.0001,0.666
25,5,75,60,20,0.0001,0.664
25,5,75,60,24,0.0001,0.662
25,10,75,10,0,0.0001,1.026
25,10,75,10,1,0.0001,1.021
25,10,75,10,2,0.0001,1.017
25,10,75,10,3,0.0001,1.014
25,10,75,10,4,0.0001,1.012
25,10,75,10,8,0.0001,1.006
25,10,75,10,12,0.0001,0.997
25,10,75,10,16,0.0001,0.987
25,10,75,10,20,0.0001,0.98
25,10,75,10,24,0.0001,0.973
25,10,75,30,0,0.0001,1.026
25,10,75,30,1,0.0001,1.014
25,10,75,30,2,0.0001,1.009
25,10,75,30,3,0.0001,1.004
25,10,75,30,4,0.0001,0.998
25,10,75,30,8,0.0001,0.973
25,10,75,30,12,0.0001,0.951
25,10,75,30,16,0.0001,0.928
25,10,75,30,20,0.0001,0.915
25,10,75,30,24,0.0001,0.912
25,10,75,60,0,0.0001,1.026
25,10,75,60,1,0.0001,1.008
25,10,75,60,2,0.0001,0.997
25,10,75,60,3,0.0001,0.983
25,10,75,60,4,0.0001,0.971
25,10,75,60,8,0.0001,0.926
25,10,75,60,12,0.0001,0.901
25,10,75,60,16,0.0001,0.893
25,10,75,60,20,0.0001,0.889
25,10,75,60,24,0.0001,0.887
25,15,75,10,0,0.0001,1.253
25,15,75,10,1,0.0001,1.248
25,15,75,10,2,0.0001,1.244
25,15,75,10,3,0.0001,1.241
25,15,75,10,4,0.0001,1.239
25,15,75,10,8,0.0001,1.17
25,15,75,10,12,0.0001,1.223
25,15,75,10,16,0.0001,1.213
25,15,75,10,20,0.0001,1.206
25,15,75,10,24,0.0001,1.199
25,15,75,30,0,0.0001,1.253
25,15,75,30,1,0.0001,1.241
25,15,75,30,2,0.0001,1.235
25,15,75,30,3,0.0001,1.169
25,15,75,30,4,0.0001,1.224
25,15,75,30,8,0.0001,1.25
25,15,75,30,12,0.0001,1.177
25,15,75,30,16,0.0001,1.154
25,15,75,30,20,0.0001,1.14
25,15,75,30,24,0.0001,1.137
25,15,75,60,0,0.0001,1.253
25,15,75,60,1,0.0001,1.234
25,15,75,60,2,0.0001,1.223
25,15,75,60,3,0.0001,1.209
25,15,75,60,4,0.0001,1.197
25,15,75,60,8,0.0001,1.152
25,15,75,60,12,0.0001,1.126
25,15,75,60,16,0.0001,1.118
25,15,75,60,20,0.0001,1.115
25,15,75,60,24,0.0001,1.112
25,20,75,10,0,0.0001,1.482
25,20,75,10,1,0.0001,1.478
25,20,75,10,2,0.0001,1.475
25,20,75,10,3,0.0001,1.474
25,20,75,10,4,0.0001,1.472
25,20,75,10,8,0.0001,1.467
25,20,75,10,12,0.0001,1.462
25,20,75,10,16,0.0001,1.456
25,20,75,10,20,0.0001,1.452
25,20,75,10,24,0.0001,1.448
25,20,75,30,0,0.0001,1.482
25,20,75,30,1,0.0001,1.473
25,20,75,30,2,0.0001,1.469
25,20,75,30,3,0.0001,1.466
25,20,75,30,4,0.0001,1.463
25,20,75,30,8,0.0001,1.448
25,20,75,30,12,0.0001,1.435
25,20,75,30,16,0.0001,1.421
25,20,75,30,20,0.0001,1.409
25,20,75,30,24,0.0001,1.401
25,20,75,60,0,0.0001,1.482
25,20,75,60,1,0.0001,1.469
25,20,75,60,2,0.0001,1.462
25,20,75,60,3,0.0001,1.452
25,20,75,60,4,0.0001,1.445
25,20,75,60,8,0.0001,1.418
25,20,75,60,12,0.0001,1.392
25,20,75,60,16,0.0001,1.374
25,20,75,60,20,0.0001,1.367
25,20,75,60,24,0.0001,1.364
30,0,75,10,0,0.0001,0.622
30,0,75,10,1,0.0001,0.61
30,0,75,10,2,0.0001,0.677
30,0,75,10,3,0.0001,0.65
30,0,75,10,4,0.0001,0.603
30,0,75,10,8,0.0001,0.585
30,0,75,10,12,0.0001,0.551
30,0,75,10,16,0.0001,0.506
30,0,75,10,20,0.0001,0.447
30,0,75,10,24,0.0001,0.426
30,0,75,30,0,0.0001,0.622
30,0,75,30,1,0.0001,0.649
30,0,75,30,2,0.0001,0.593
30,0,75,30,3,0.0001,0.58
30,0,75,30,4,0.0001,0.558
30,0,75,30,8,0.0001,0.389
30,0,75,30,12,0.0001,0.365
30,0,75,30,16,0.0001,0.368
30,0,75,30,20,0.0001,0.372
30,0,75,30,24,0.0001,0.372
30,0,75,60,0,0.0001,0.622
30,0,75,60,1,0.0001,0.591
30,0,75,60,2,0.0001,0.554
30,0,75,60,3,0.0001,0.413
30,0,75,60,4,0.0001,0.337
30,0,75,60,8,0.0001,0.323
30,0,75,60,12,0.0001,0.396
30,0,75,60,16,0.0001,0.333
30,0,75,60,20,0.0001,0.398
30,0,75,60,24,0.0001,0.396
30,5,75,10,0,0.0001,0.933
30,5,75,10,1,0.0001,0.927
30,5,75,10,2,0.0001,0.922
30,5,75,10,3,0.0001,0.919
30,5,75,10,4,0.0001,0.916
30,5,75,10,8,0.0001,0.909
30,5,75,10,12,0.0001,0.898
30,5,75,10,16,0.0001,0.887
30,5,75,10,20,0.0001,0.819
30,5,75,10,24,0.0001,0.817
30,5,75,30,0,0.0001,0.933
30,5,75,30,1,0.0001,0.919
30,5,75,30,2,0.0001,0.912
30,5,75,30,3,0.0001,0.907
30,5,75,30,4,0.0001,0.9
30,5,75,30,8,0.0001,0.797
30,5,75,30,12,0.0001,0.773
30,5,75,30,16,0.0001,0.765
30,5,75,30,20,0.0001,0.765
30,5,75,30,24,0.0001,0.765
30,5,75,60,0,0.0001,0.933
30,5,75,60,1,0.0001,0.911
30,5,75,60,2,0.0001,0.898
30,5,75,60,3,0.0001,0.881
30,5,75,60,4,0.0001,0.814
30,5,75,60,8,0.0001,0.747
30,5,75,60,12,0.0001,0.746
30,5,75,60,16,0.0001,0.74
30,5,75,60,20,0.0001,0.735
30,5,75,60,24,0.0001,0.731
30,10,75,10,0,0.0001,1.159
30,10,75,10,1,0.0001,1.152
30,10,75,10,2,0.0001,1.148
30,10,75,10,3,0.0001,1.145
30,10,75,10,4,0.0001,1.142
30,10,75,10,8,0.0001,1.134
30,10,75,10,12,0.0001,1.123
30,10,75,10,16,0.0001,1.112
30,10,75,10,20,0.0001,1.103
30,10,75,10,24,0.0001,1.095
30,10,75,30,0,0.0001,1.159
30,10,75,30,1,0.0001,1.144
30,10,75,30,2,0.0001,1.138
30,10,75,30,3,0.0001,1.132
30,10,75,30,4,0.0001,1.125
30,10,75,30,8,0.0001,1.095
30,10,75,30,12,0.0001,1.068
30,10,75,30,16,0.0001,1.041
30,10,75,30,20,0.0001,1.025
30,10,75,30,24,0.0001,1.021
30,10,75,60,0,0.0001,1.159
30,10,75,60,1,0.0001,1.137
30,10,75,60,2,0.0001,1.123
30,10,75,60,3,0.0001,1.106
30,10,75,60,4,0.0001,1.092
30,10,75,60,8,0.0001,1.038
30,10,75,60,12,0.0001,1.008
30,10,75,60,16,0.0001,0.997
30,10,75,60,20,0.0001,0.993
30,10,75,60,24,0.0001,0.99
30,15,75,10,0,0.0001,1.386
30,15,75,10,1,0.0001,1.378
30,15,75,10,2,0.0001,1.374
30,15,75,10,3,0.0001,1.371
30,15,75,10,4,0.0001,1.368
30,15,75,10,8,0.0001,1.36
30,15,75,10,12,0.0001,1.349
30,15,75,10,16,0.0001,1.337
30,15,75,10,20,0.0001,1.329
30,15,75,10,24,0.0001,1.32
30,15,75,30,0,0.0001,1.386
30,15,75,30,1,0.0001,1.37
30,15,75,30,2,0.0001,1.363
30,15,75,30,3,0.0001,1.358
30,15,75,30,4,0.0001,1.35
30,15,75,30,8,0.0001,1.321
30,15,75,30,12,0.0001,1.254
30,15,75,30,16,0.0001,1.266
30,15,75,30,20,0.0001,1.25
30,15,75,30,24,0.0001,1.246
30,15,75,60,0,0.0001,1.386
30,15,75,60,1,0.0001,1.363
30,15,75,60,2,0.0001,1.349
30,15,75,60,3,0.0001,1.332
30,15,75,60,4,0.0001,1.318
30,15,75,60,8,0.0001,1.263
30,15,75,60,12,0.0001,1.233
30,15,75,60,16,0.0001,1.233
30,15,75,60,20,0.0001,1.218
30,15,75,60,24,0.0001,1.215
30,20,75,10,0,0.0001,1.643
30,20,75,10,1,0.0001,1.639
30,20,75,10,2,0.0001,1.636
30,20,75,10,3,0.0001,1.634
30,20,75,10,4,0.0001,1.511
30,20,75,10,8,0.0001,1.505
30,20,75,10,12,0.0001,1.576
30,20,75,10,16,0.0001,1.564
30,20,75,10,20,0.0001,1.555
30,20,75,10,24,0.0001,1.547
30,20,75,30,0,0.0001,1.643
30,20,75,30,1,0.0001,1.633
30,20,75,30,2,0.0001,1.629
30,20,75,30,3,0.0001,1.503
30,20,75,30,4,0.0001,1.577
30,20,75,30,8,0.0001,1.547
30,20,75,30,12,0.0001,1.586
30,20,75,30,16,0.0001,1.492
30,20,75,30,20,0.0001,1.476
30,20,75,30,24,0.0001,1.472
30,20,75,60,0,0.0001,1.643
30,20,75,60,1,0.0001,1.507
30,20,75,60,2,0.0001,1.576
30,20,75,60,3,0.0001,1.558
30,20,75,60,4,0.0001,1.544
30,20,75,60,8,0.0001,1.489
30,20,75,60,12,0.0001,1.459
30,20,75,60,16,0.0001,1.383
30,20,75,60,20,0.0001,1.444
30,20,75,60,24,0.0001,1.441
15,0,90,10,0,0.0001,0.214
15,0,90,10,1,0.0001,0.214
15,0,90,10,2,0.0001,0.214
15,0,90,10,3,0.0001,0.214
15,0,90,10,4,0.0001,0.214
15,0,90,10,8,0.0001,0.214
15,0,90,10,12,0.0001,0.211
15,0,90,10,16,0.0001,0.203
15,0,90,10,20,0.0001,0.199
15,0,90,10,24,0.0001,0.195
15,0,90,30,0,0.0001,0.214
15,0,90,30,1,0.0001,0.214
15,0,90,30,2,0.0001,0.214
15,0,90,30,3,0.0001,0.214
15,0,90,30,4,0.0001,0.213
15,0,90,30,8,0.0001,0.196
15,0,90,30,12,0.0001,0.184
15,0,90,30,16,0.0001,0.174
15,0,90,30,20,0.0001,0.164
15,0,90,30,24,0.0001,0.175
15,0,90,60,0,0.0001,0.214
15,0,90,60,1,0.0001,0.214
15,0,90,60,2,0.0001,0.213
15,0,90,60,3,0.0001,0.203
15,0,90,60,4,0.0001,0.197
15,0,90,60,8,0.0001,0.175
15,0,90,60,12,0.0001,0.165
15,0,90,60,16,0.0001,0.167
15,0,90,60,20,0.0001,0.167
15,0,90,60,24,0.0001,0.167
15,5,90,10,0,0.0001,0.469
15,5,90,10,1,0.0001,0.466
15,5,90,10,2,0.0001,0.464
15,5,90,10,3,0.0001,0.462
15,5,90,10,4,0.0001,0.461
15,5,90,10,8,0.0001,0.459
15,5,90,10,12,0.0001,0.454
15,5,90,10,16,0.0001,0.45
15,5,90,10,20,0.0001,0.447
15,5,90,10,24,0.0001,0.445
15,5,90,30,0,0.0001,0.469
15,5,90,30,1,0.0001,0.462
15,5,90,30,2,0.0001,0.46
15,5,90,30,3,0.0001,0.458
15,5,90,30,4,0.0001,0.456
15,5,90,30,8,0.0001,0.446
15,5,90,30,12,0.0001,0.439
15,5,90,30,16,0.0001,0.431
15,5,90,30,20,0.0001,0.425
15,5,90,30,24,0.0001,0.419
15,5,90,60,0,0.0001,0.469
15,5,90,60,1,0.0001,0.46
15,5,90,60,2,0.0001,0.456
15,5,90,60,3,0.0001,0.45
15,5,90,60,4,0.0001,0.446
15,5,90,60,8,0.0001,0.432
15,5,90,60,12,0.0001,0.42
15,5,90,60,16,0.0001,0.409
15,5,90,60,20,0.0001,0.405
15,5,90,60,24,0.0001,0.405
15,10,90,10,0,0.0001,0.671
15,10,90,10,1,0.0001,0.668
15,10,90,10,2,0.0001,0.666
15,10,90,10,3,0.0001,0.643
15,10,90,10,4,0.0001,0.643
15,10,90,10,8,0.0001,0.659
15,10,90,10,12,0.0001,0.635
15,10,90,10,16,0.0001,0.631
15,10,90,10,20,0.0001,0.644
15,10,90,10,24,0.0001,0.625
15,10,90,30,0,0.0001,0.671
15,10,90,30,1,0.0001,0.643
15,10,90,30,2,0.0001,0.661
15,10,90,30,3,0.0001,0.658
15,10,90,30,4,0.0001,0.634
15,10,90,30,8,0.0001,0.643
15,10,90,30,12,0.0001,0.619
15,10,90,30,16,0.0001,0.611
15,10,90,30,20,0.0001,0.605
15,10,90,30,24,0.0001,0.599
15,10,90,60,0,0.0001,0.671
15,10,90,60,1,0.0001,0.66
15,10,90,60,2,0.0001,0.634
15,10,90,60,3,0.0001,0.63
15,10,90,60,4,0.0001,0.626
15,10,90,60,8,0.0001,0.626
15,10,90,60,12,0.0001,0.599
15,10,90,60,16,0.0001,0.59
15,10,90,60,20,0.0001,0.586
15,10,90,60,24,0.0001,0.585
15,15,90,10,0,0.0001,0.857
15,15,90,10,1,0.0001,0.856
15,15,90,10,2,0.0001,0.854
15,15,90,10,3,0.0001,0.853
15,15,90,10,4,0.0001,0.852
15,15,90,10,8,0.0001,0.85
15,15,90,10,12,0.0001,0.847
15,15,90,10,16,0.0001,0.844
15,15,90,10,20,0.0001,0.841
15,15,90,10,24,0.0001,0.84
15,15,90,30,0,0.0001,0.857
15,15,90,30,1,0.0001,0.853
15,15,90,30,2,0.0001,0.851
15,15,90,30,3,0.0001,0.844
15,15,90,30,4,0.0001,0.841
15,15,90,30,8,0.0001,0.84
15,15,90,30,12,0.0001,0.835
15,15,90,30,16,0.0001,0.83
15,15,90,30,20,0.0001,0.825
15,15,90,30,24,0.0001,0.821
15,15,90,60,0,0.0001,0.857
15,15,90,60,1,0.0001,0.851
15,15,90,60,2,0.0001,0.841
15,15,90,60,3,0.0001,0.843
15,15,90,60,4,0.0001,0.84
15,15,90,60,8,0.0001,0.786
15,15,90,60,12,0.0001,0.821
15,15,90,60,16,0.0001,0.812
15,15,90,60,20,0.0001,0.808
15,15,90,60,24,0.0001,0.808
15,20,90,10,0,0.0001,1.023
15,20,90,10,1,0.0001,1.021
15,20,90,10,2,0.0001,1.02
15,20,90,10,3,0.0001,1.018
15,20,90,10,4,0.0001,1.017
15,20,90,10,8,0.0001,1.015
15,20,90,10,12,0.0001,1.012
15,20,90,10,16,0.0001,1.009
15,20,90,10,20,0.0001,1.007
15,20,90,10,24,0.0001,1.005
15,20,90,30,0,0.0001,1.023
15,20,90,30,1,0.0001,1.018
15,20,90,30,2,0.0001,1.016
15,20,90,30,3,0.0001,1.015
15,20,90,30,4,0.0001,1.013
15,20,90,30,8,0.0001,1.006
15,20,90,30,12,0.0001,1.001
15,20,90,30,16,0.0001,0.995
15,20,90,30,20,0.0001,0.99
15,20,90,30,24,0.0001,0.986
15,20,90,60,0,0.0001,1.023
15,20,90,60,1,0.0001,1.016
15,20,90,60,2,0.0001,1.013
15,20,90,60,3,0.0001,1.009
15,20,90,60,4,0.0001,1.006
15,20,90,60,8,0.0001,0.995
15,20,90,60,12,0.0001,0.986
15,20,90,60,16,0.0001,0.979
15,20,90,60,20,0.0001,0.974
15,20,90,60,24,0.0001,0.973
20,0,90,10,0,0.0001,0.287
20,0,90,10,1,0.0001,0.287
20,0,90,10,2,0.0001,0.287
20,0,90,10,3,0.0001,0.287
20,0,90,10,4,0.0001,0.287
20,0,90,10,8,0.0001,0.287
20,0,90,10,12,0.0001,0.282
20,0,90,10,16,0.0001,0.273
20,0,90,10,20,0.0001,0.266
20,0,90,10,24,0.0001,0.261
20,0,90,30,0,0.0001,0.287
20,0,90,30,1,0.0001,0.287
20,0,90,30,2,0.0001,0.287
20,0,90,30,3,0.0001,0.287
20,0,90,30,4,0.0001,0.285
20,0,90,30,8,0.0001,0.263
20,0,90,30,12,0.0001,0.247
20,0,90,30,16,0.0001,0.234
20,0,90,30,20,0.0001,0.22
20,0,90,30,24,0.0001,0.235
20,0,90,60,0,0.0001,0.287
20,0,90,60,1,0.0001,0.287
20,0,90,60,2,0.0001,0.285
20,0,90,60,3,0.0001,0.272
20,0,90,60,4,0.0001,0.263
20,0,90,60,8,0.0001,0.235
20,0,90,60,12,0.0001,0.221
20,0,90,60,16,0.0001,0.223
20,0,90,60,20,0.0001,0.222
20,0,90,60,24,0.0001,0.223
20,5,90,10,0,0.0001,0.569
20,5,90,10,1,0.0001,0.566
20,5,90,10,2,0.0001,0.563
20,5,90,10,3,0.0001,0.561
20,5,90,10,4,0.0001,0.56
20,5,90,10,8,0.0001,0.556
20,5,90,10,12,0.0001,0.55
20,5,90,10,16,0.0001,0.545
20,5,90,10,20,0.0001,0.541
20,5,90,10,24,0.0001,0.538
20,5,90,30,0,0.0001,0.569
20,5,90,30,1,0.0001,0.561
20,5,90,30,2,0.0001,0.558
20,5,90,30,3,0.0001,0.556
20,5,90,30,4,0.0001,0.552
20,5,90,30,8,0.0001,0.539
20,5,90,30,12,0.0001,0.53
20,5,90,30,16,0.0001,0.518
20,5,90,30,20,0.0001,0.508
20,5,90,30,24,0.0001,0.5
20,5,90,60,0,0.0001,0.569
20,5,90,60,1,0.0001,0.558
20,5,90,60,2,0.0001,0.552
20,5,90,60,3,0.0001,0.544
20,5,90,60,4,0.0001,0.539
20,5,90,60,8,0.0001,0.519
20,5,90,60,12,0.0001,0.5
20,5,90,60,16,0.0001,0.486
20,5,90,60,20,0.0001,0.481
20,5,90,60,24,0.0001,0.48
20,10,90,10,0,0.0001,0.77
20,10,90,10,1,0.0001,0.766
20,10,90,10,2,0.0001,0.763
20,10,90,10,3,0.0001,0.761
20,10,90,10,4,0.0001,0.759
20,10,90,10,8,0.0001,0.741
20,10,90,10,12,0.0001,0.736
20,10,90,10,16,0.0001,0.724
20,10,90,10,20,0.0001,0.721
20,10,90,10,24,0.0001,0.718
20,10,90,30,0,0.0001,0.77
20,10,90,30,1,0.0001,0.761
20,10,90,30,2,0.0001,0.756
20,10,90,30,3,0.0001,0.74
20,10,90,30,4,0.0001,0.737
20,10,90,30,8,0.0001,0.719
20,10,90,30,12,0.0001,0.71
20,10,90,30,16,0.0001,0.7
20,10,90,30,20,0.0001,0.691
20,10,90,30,24,0.0001,0.684
20,10,90,60,0,0.0001,0.77
20,10,90,60,1,0.0001,0.756
20,10,90,60,2,0.0001,0.737
20,10,90,60,3,0.0001,0.724
20,10,90,60,4,0.0001,0.719
20,10,90,60,8,0.0001,0.7
20,10,90,60,12,0.0001,0.684
20,10,90,60,16,0.0001,0.671
20,10,90,60,20,0.0001,0.666
20,10,90,60,24,0.0001,0.665
20,15,90,10,0,0.0001,0.985
20,15,90,10,1,0.0001,0.959
20,15,90,10,2,0.0001,0.956
20,15,90,10,3,0.0001,0.979
20,15,90,10,4,0.0001,0.951
20,15,90,10,8,0.0001,0.946
20,15,90,10,12,0.0001,0.907
20,15,90,10,16,0.0001,0.932
20,15,90,10,20,0.0001,0.928
20,15,90,10,24,0.0001,0.924
20,15,90,30,0,0.0001,0.985
20,15,90,30,1,0.0001,0.953
20,15,90,30,2,0.0001,0.949
20,15,90,30,3,0.0001,0.946
20,15,90,30,4,0.0001,0.941
20,15,90,30,8,0.0001,0.925
20,15,90,30,12,0.0001,0.915
20,15,90,30,16,0.0001,0.903
20,15,90,30,20,0.0001,0.871
20,15,90,30,24,0.0001,0.884
20,15,90,60,0,0.0001,0.985
20,15,90,60,1,0.0001,0.948
20,15,90,60,2,0.0001,0.941
20,15,90,60,3,0.0001,0.902
20,15,90,60,4,0.0001,0.948
20,15,90,60,8,0.0001,0.925
20,15,90,60,12,0.0001,0.885
20,15,90,60,16,0.0001,0.852
20,15,90,60,20,0.0001,0.865
20,15,90,60,24,0.0001,0.865
20,20,90,10,0,0.0001,1.15
20,20,90,10,1,0.0001,1.148
20,20,90,10,2,0.0001,1.146
20,20,90,10,3,0.0001,1.144
20,20,90,10,4,0.0001,1.143
20,20,90,10,8,0.0001,1.14
20,20,90,10,12,0.0001,1.136
20,20,90,10,16,0.0001,1.132
20,20,90,10,20,0.0001,1.129
20,20,90,10,24,0.0001,1.127
20,20,90,30,0,0.0001,1.15
20,20,90,30,1,0.0001,1.145
20,20,90,30,2,0.0001,1.142
20,20,90,30,3,0.0001,1.14
20,20,90,30,4,0.0001,1.138
20,20,90,30,8,0.0001,1.128
20,20,90,30,12,0.0001,1.121
20,20,90,30,16,0.0001,1.114
20,20,90,30,20,0.0001,1.107
20,20,90,30,24,0.0001,1.102
20,20,90,60,0,0.0001,1.15
20,20,90,60,1,0.0001,1.142
20,20,90,60,2,0.0001,1.138
20,20,90,60,3,0.0001,1.132
20,20,90,60,4,0.0001,1.128
20,20,90,60,8,0.0001,1.114
20,20,90,60,12,0.0001,1.102
20,20,90,60,16,0.0001,1.093
20,20,90,60,20,0.0001,1.083
20,20,90,60,24,0.0001,1.082
25,0,90,10,0,0.0001,0.364
25,0,90,10,1,0.0001,0.364
25,0,90,10,2,0.0001,0.364
25,0,90,10,3,0.0001,0.364
25,0,90,10,4,0.0001,0.364
25,0,90,10,8,0.0001,0.364
25,0,90,10,12,0.0001,0.361
25,0,90,10,16,0.0001,0.347
25,0,90,10,20,0.0001,0.338
25,0,90,10,24,0.0001,0.332
25,0,90,30,0,0.0001,0.364
25,0,90,30,1,0.0001,0.364
25,0,90,30,2,0.0001,0.364
25,0,90,30,3,0.0001,0.364
25,0,90,30,4,0.0001,0.364
25,0,90,30,8,0.0001,0.334
25,0,90,30,12,0.0001,0.314
25,0,90,30,16,0.0001,0.298
25,0,90,30,20,0.0001,0.281
25,0,90,30,24,0.0001,0.3
25,0,90,60,0,0.0001,0.364
25,0,90,60,1,0.0001,0.364
25,0,90,60,2,0.0001,0.364
25,0,90,60,3,0.0001,0.346
25,0,90,60,4,0.0001,0.334
25,0,90,60,8,0.0001,0.299
25,0,90,60,12,0.0001,0.289
25,0,90,60,16,0.0001,0.291
25,0,90,60,20,0.0001,0.29
25,0,90,60,24,0.0001,0.291
25,5,90,10,0,0.0001,0.677
25,5,90,10,1,0.0001,0.672
25,5,90,10,2,0.0001,0.669
25,5,90,10,3,0.0001,0.666
25,5,90,10,4,0.0001,0.665
25,5,90,10,8,0.0001,0.66
25,5,90,10,12,0.0001,0.653
25,5,90,10,16,0.0001,0.645
25,5,90,10,20,0.0001,0.64
25,5,90,10,24,0.0001,0.635
25,5,90,30,0,0.0001,0.677
25,5,90,30,1,0.0001,0.667
25,5,90,30,2,0.0001,0.662
25,5,90,30,3,0.0001,0.659
25,5,90,30,4,0.0001,0.655
25,5,90,30,8,0.0001,0.637
25,5,90,30,12,0.0001,0.623
25,5,90,30,16,0.0001,0.609
25,5,90,30,20,0.0001,0.596
25,5,90,30,24,0.0001,0.586
25,5,90,60,0,0.0001,0.677
25,5,90,60,1,0.0001,0.662
25,5,90,60,2,0.0001,0.655
25,5,90,60,3,0.0001,0.644
25,5,90,60,4,0.0001,0.637
25,5,90,60,8,0.0001,0.609
25,5,90,60,12,0.0001,0.586
25,5,90,60,16,0.0001,0.569
25,5,90,60,20,0.0001,0.562
25,5,90,60,24,0.0001,0.561
25,10,90,10,0,0.0001,0.857
25,10,90,10,1,0.0001,0.852
25,10,90,10,2,0.0001,0.849
25,10,90,10,3,0.0001,0.846
25,10,90,10,4,0.0001,0.845
25,10,90,10,8,0.0001,0.84
25,10,90,10,12,0.0001,0.833
25,10,90,10,16,0.0001,0.825
25,10,90,10,20,0.0001,0.82
25,10,90,10,24,0.0001,0.817
25,10,90,30,0,0.0001,0.857
25,10,90,30,1,0.0001,0.847
25,10,90,30,2,0.0001,0.843
25,10,90,30,3,0.0001,0.839
25,10,90,30,4,0.0001,0.834
25,10,90,30,8,0.0001,0.817
25,10,90,30,12,0.0001,0.806
25,10,90,30,16,0.0001,0.794
25,10,90,30,20,0.0001,0.783
25,10,90,30,24,0.0001,0.774
25,10,90,60,0,0.0001,0.857
25,10,90,60,1,0.0001,0.843
25,10,90,60,2,0.0001,0.834
25,10,90,60,3,0.0001,0.824
25,10,90,60,4,0.0001,0.818
25,10,90,60,8,0.0001,0.794
25,10,90,60,12,0.0001,0.775
25,10,90,60,16,0.0001,0.758
25,10,90,60,20,0.0001,0.751
25,10,90,60,24,0.0001,0.75
25,15,90,10,0,0.0001,1.069
25,15,90,10,1,0.0001,1.063
25,15,90,10,2,0.0001,1.059
25,15,90,10,3,0.0001,1.056
25,15,90,10,4,0.0001,1.054
25,15,90,10,8,0.0001,1.02
25,15,90,10,12,0.0001,1.013
25,15,90,10,16,0.0001,1.006
25,15,90,10,20,0.0001,1.024
25,15,90,10,24,0.0001,0.997
25,15,90,30,0,0.0001,1.069
25,15,90,30,1,0.0001,1.057
25,15,90,30,2,0.0001,1.023
25,15,90,30,3,0.0001,1.02
25,15,90,30,4,0.0001,1.015
25,15,90,30,8,0.0001,1.021
25,15,90,30,12,0.0001,1.008
25,15,90,30,16,0.0001,0.974
25,15,90,30,20,0.0001,0.963
25,15,90,30,24,0.0001,0.97
25,15,90,60,0,0.0001,1.069
25,15,90,60,1,0.0001,1.023
25,15,90,60,2,0.0001,1.015
25,15,90,60,3,0.0001,1.029
25,15,90,60,4,0.0001,1.021
25,15,90,60,8,0.0001,0.993
25,15,90,60,12,0.0001,0.97
25,15,90,60,16,0.0001,0.953
25,15,90,60,20,0.0001,0.946
25,15,90,60,24,0.0001,0.945
25,20,90,10,0,0.0001,1.219
25,20,90,10,1,0.0001,1.284
25,20,90,10,2,0.0001,1.253
25,20,90,10,3,0.0001,1.279
25,20,90,10,4,0.0001,1.207
25,20,90,10,8,0.0001,1.272
25,20,90,10,12,0.0001,1.263
25,20,90,10,16,0.0001,1.253
25,20,90,10,20,0.0001,1.247
25,20,90,10,24,0.0001,1.257
25,20,90,30,0,0.0001,1.219
25,20,90,30,1,0.0001,1.279
25,20,90,30,2,0.0001,1.276
25,20,90,30,3,0.0001,1.271
25,20,90,30,4,0.0001,1.265
25,20,90,30,8,0.0001,1.214
25,20,90,30,12,0.0001,1.2
25,20,90,30,16,0.0001,1.185
25,20,90,30,20,0.0001,1.173
25,20,90,30,24,0.0001,1.134
25,20,90,60,0,0.0001,1.219
25,20,90,60,1,0.0001,1.276
25,20,90,60,2,0.0001,1.265
25,20,90,60,3,0.0001,1.221
25,20,90,60,4,0.0001,1.214
25,20,90,60,8,0.0001,1.186
25,20,90,60,12,0.0001,1.163
25,20,90,60,16,0.0001,1.145
25,20,90,60,20,0.0001,1.112
25,20,90,60,24,0.0001,1.112
30,0,90,10,0,0.0001,0.446
30,0,90,10,1,0.0001,0.446
30,0,90,10,2,0.0001,0.446
30,0,90,10,3,0.0001,0.446
30,0,90,10,4,0.0001,0.446
30,0,90,10,8,0.0001,0.446
30,0,90,10,12,0.0001,0.442
30,0,90,10,16,0.0001,0.424
30,0,90,10,20,0.0001,0.414
30,0,90,10,24,0.0001,0.406
30,0,90,30,0,0.0001,0.446
30,0,90,30,1,0.0001,0.446
30,0,90,30,2,0.0001,0.446
30,0,90,30,3,0.0001,0.446
30,0,90,30,4,0.0001,0.446
30,0,90,30,8,0.0001,0.408
30,0,90,30,12,0.0001,0.384
30,0,90,30,16,0.0001,0.365
30,0,90,30,20,0.0001,0.344
30,0,90,30,24,0.0001,0.326
30,0,90,60,0,0.0001,0.446
30,0,90,60,1,0.0001,0.446
30,0,90,60,2,0.0001,0.446
30,0,90,60,3,0.0001,0.423
30,0,90,60,4,0.0001,0.409
30,0,90,60,8,0.0001,0.366
30,0,90,60,12,0.0001,0.354
30,0,90,60,16,0.0001,0.356
30,0,90,60,20,0.0001,0.355
30,0,90,60,24,0.0001,0.356
30,5,90,10,0,0.0001,0.791
30,5,90,10,1,0.0001,0.786
30,5,90,10,2,0.0001,0.782
30,5,90,10,3,0.0001,0.78
30,5,90,10,4,0.0001,0.778
30,5,90,10,8,0.0001,0.771
30,5,90,10,12,0.0001,0.761
30,5,90,10,16,0.0001,0.75
30,5,90,10,20,0.0001,0.743
30,5,90,10,24,0.0001,0.738
30,5,90,30,0,0.0001,0.791
30,5,90,30,1,0.0001,0.78
30,5,90,30,2,0.0001,0.775
30,5,90,30,3,0.0001,0.77
30,5,90,30,4,0.0001,0.764
30,5,90,30,8,0.0001,0.74
30,5,90,30,12,0.0001,0.724
30,5,90,30,16,0.0001,0.706
30,5,90,30,20,0.0001,0.691
30,5,90,30,24,0.0001,0.678
30,5,90,60,0,0.0001,0.791
30,5,90,60,1,0.0001,0.775
30,5,90,60,2,0.0001,0.764
30,5,90,60,3,0.0001,0.749
30,5,90,60,4,0.0001,0.74
30,5,90,60,8,0.0001,0.706
30,5,90,60,12,0.0001,0.679
30,5,90,60,16,0.0001,0.512
30,5,90,60,20,0.0001,0.507
30,5,90,60,24,0.0001,0.508
30,10,90,10,0,0.0001,0.971
30,10,90,10,1,0.0001,0.965
30,10,90,10,2,0.0001,0.961
30,10,90,10,3,0.0001,0.959
30,10,90,10,4,0.0001,0.957
30,10,90,10,8,0.0001,0.95
30,10,90,10,12,0.0001,0.942
30,10,90,10,16,0.0001,0.933
30,10,90,10,20,0.0001,0.927
30,10,90,10,24,0.0001,0.923
30,10,90,30,0,0.0001,0.971
30,10,90,30,1,0.0001,0.959
30,10,90,30,2,0.0001,0.954
30,10,90,30,3,0.0001,0.95
30,10,90,30,4,0.0001,0.944
30,10,90,30,8,0.0001,0.924
30,10,90,30,12,0.0001,0.911
30,10,90,30,16,0.0001,0.895
30,10,90,30,20,0.0001,0.882
30,10,90,30,24,0.0001,0.87
30,10,90,60,0,0.0001,0.971
30,10,90,60,1,0.0001,0.953
30,10,90,60,2,0.0001,0.944
30,10,90,60,3,0.0001,0.932
30,10,90,60,4,0.0001,0.924
30,10,90,60,8,0.0001,0.896
30,10,90,60,12,0.0001,0.87
30,10,90,60,16,0.0001,0.849
30,10,90,60,20,0.0001,0.841
30,10,90,60,24,0.0001,0.84
30,15,90,10,0,0.0001,1.182
30,15,90,10,1,0.0001,1.175
30,15,90,10,2,0.0001,1.17
30,15,90,10,3,0.0001,1.166
30,15,90,10,4,0.0001,1.164
30,15,90,10,8,0.0001,1.14
30,15,90,10,12,0.0001,1.145
30,15,90,10,16,0.0001,1.134
30,15,90,10,20,0.0001,1.107
30,15,90,10,24,0.0001,1.103
30,15,90,30,0,0.0001,1.182
30,15,90,30,1,0.0001,1.166
30,15,90,30,2,0.0001,1.143
30,15,90,30,3,0.0001,1.14
30,15,90,30,4,0.0001,1.148
30,15,90,30,8,0.0001,1.124
30,15,90,30,12,0.0001,1.09
30,15,90,30,16,0.0001,1.075
30,15,90,30,20,0.0001,1.062
30,15,90,30,24,0.0001,1.051
30,15,90,60,0,0.0001,1.182
30,15,90,60,1,0.0001,1.143
30,15,90,60,2,0.0001,1.148
30,15,90,60,3,0.0001,1.112
30,15,90,60,4,0.0001,1.124
30,15,90,60,8,0.0001,1.076
30,15,90,60,12,0.0001,1.052
30,15,90,60,16,0.0001,1.032
30,15,90,60,20,0.0001,1.024
30,15,90,60,24,0.0001,1.023
30,20,90,10,0,0.0001,1.374
30,20,90,10,1,0.0001,1.367
30,20,90,10,2,0.0001,1.362
30,20,90,10,3,0.0001,1.359
30,20,90,10,4,0.0001,1.319
30,20,90,10,8,0.0001,1.384
30,20,90,10,12,0.0001,1.303
30,20,90,10,16,0.0001,1.294
30,20,90,10,20,0.0001,1.288
30,20,90,10,24,0.0001,1.315
30,20,90,30,0,0.0001,1.374
30,20,90,30,1,0.0001,1.359
30,20,90,30,2,0.0001,1.315
30,20,90,30,3,0.0001,1.311
30,20,90,30,4,0.0001,1.306
30,20,90,30,8,0.0001,1.285
30,20,90,30,12,0.0001,1.3
30,20,90,30,16,0.0001,1.256
30,20,90,30,20,0.0001,1.267
30,20,90,30,24,0.0001,1.254
30,20,90,60,0,0.0001,1.374
30,20,90,60,1,0.0001,1.315
30,20,90,60,2,0.0001,1.341
30,20,90,60,3,0.0001,1.294
30,20,90,60,4,0.0001,1.317
30,20,90,60,8,0.0001,1.283
30,20,90,60,12,0.0001,1.255
30,20,90,60,16,0.0001,1.234
30,20,90,60,20,0.0001,1.225
30,20,90,60,24,0.0001,1.225
15,0,30,10,0,0.00001,0.486
15,0,30,10,1,0.00001,0.479
15,0,30,10,2,0.00001,0.469
15,0,30,10,3,0.00001,0.461
15,0,30,10,4,0.00001,0.453
15,0,30,10,8,0.00001,0.425
15,0,30,10,12,0.00001,0.403
15,0,30,10,16,0.00001,0.384
15,0,30,10,20,0.00001,0.371
15,0,30,10,24,0.00001,0.359
15,0,30,30,0,0.00001,0.486
15,0,30,30,1,0.00001,0.465
15,0,30,30,2,0.00001,0.444
15,0,30,30,3,0.00001,0.425
15,0,30,30,4,0.00001,0.406
15,0,30,30,8,0.00001,0.322
15,0,30,30,12,0.00001,0.286
15,0,30,30,16,0.00001,0.256
15,0,30,30,20,0.00001,0.253
15,0,30,30,24,0.00001,0.244
15,0,30,60,0,0.00001,0.486
15,0,30,60,1,0.00001,0.449
15,0,30,60,2,0.00001,0.416
15,0,30,60,3,0.00001,0.368
15,0,30,60,4,0.00001,0.349
15,0,30,60,8,0.00001,0.300
15,0,30,60,12,0.00001,0.273
15,0,30,60,16,0.00001,0.258
15,0,30,60,20,0.00001,0.247
15,0,30,60,24,0.00001,0.239
15,5,30,10,0,0.00001,0.854
15,5,30,10,1,0.00001,0.853
15,5,30,10,2,0.00001,0.852
15,5,30,10,3,0.00001,0.852
15,5,30,10,4,0.00001,0.851
15,5,30,10,8,0.00001,0.848
15,5,30,10,12,0.00001,0.845
15,5,30,10,16,0.00001,0.841
15,5,30,10,20,0.00001,0.837
15,5,30,10,24,0.00001,0.833
15,5,30,30,0,0.00001,0.854
15,5,30,30,1,0.00001,0.852
15,5,30,30,2,0.00001,0.851
15,5,30,30,3,0.00001,0.850
15,5,30,30,4,0.00001,0.848
15,5,30,30,8,0.00001,0.841
15,5,30,30,12,0.00001,0.833
15,5,30,30,16,0.00001,0.824
15,5,30,30,20,0.00001,0.812
15,5,30,30,24,0.00001,0.795
15,5,30,60,0,0.00001,0.854
15,5,30,60,1,0.00001,0.851
15,5,30,60,2,0.00001,0.850
15,5,30,60,3,0.00001,0.848
15,5,30,60,4,0.00001,0.846
15,5,30,60,8,0.00001,0.838
15,5,30,60,12,0.00001,0.829
15,5,30,60,16,0.00001,0.819
15,5,30,60,20,0.00001,0.802
15,5,30,60,24,0.00001,0.787
15,10,30,10,0,0.00001,1.143
15,10,30,10,1,0.00001,1.142
15,10,30,10,2,0.00001,1.141
15,10,30,10,3,0.00001,1.141
15,10,30,10,4,0.00001,1.140
15,10,30,10,8,0.00001,1.138
15,10,30,10,12,0.00001,1.136
15,10,30,10,16,0.00001,1.132
15,10,30,10,20,0.00001,1.128
15,10,30,10,24,0.00001,1.123
15,10,30,30,0,0.00001,1.143
15,10,30,30,1,0.00001,1.141
15,10,30,30,2,0.00001,1.140
15,10,30,30,3,0.00001,1.140
15,10,30,30,4,0.00001,1.139
15,10,30,30,8,0.00001,1.132
15,10,30,30,12,0.00001,1.124
15,10,30,30,16,0.00001,1.115
15,10,30,30,20,0.00001,1.104
15,10,30,30,24,0.00001,1.093
15,10,30,60,0,0.00001,1.143
15,10,30,60,1,0.00001,1.141
15,10,30,60,2,0.00001,1.140
15,10,30,60,3,0.00001,1.138
15,10,30,60,4,0.00001,1.137
15,10,30,60,8,0.00001,1.129
15,10,30,60,12,0.00001,1.120
15,10,30,60,16,0.00001,1.110
15,10,30,60,20,0.00001,1.097
15,10,30,60,24,0.00001,1.086
15,15,30,10,0,0.00001,1.408
15,15,30,10,1,0.00001,1.407
15,15,30,10,2,0.00001,1.406
15,15,30,10,3,0.00001,1.406
15,15,30,10,4,0.00001,1.405
15,15,30,10,8,0.00001,1.403
15,15,30,10,12,0.00001,1.401
15,15,30,10,16,0.00001,1.398
15,15,30,10,20,0.00001,1.394
15,15,30,10,24,0.00001,1.391
15,15,30,30,0,0.00001,1.408
15,15,30,30,1,0.00001,1.406
15,15,30,30,2,0.00001,1.406
15,15,30,30,3,0.00001,1.405
15,15,30,30,4,0.00001,1.404
15,15,30,30,8,0.00001,1.399
15,15,30,30,12,0.00001,1.392
15,15,30,30,16,0.00001,1.385
15,15,30,30,20,0.00001,1.377
15,15,30,30,24,0.00001,1.369
15,15,30,60,0,0.00001,1.408
15,15,30,60,1,0.00001,1.406
15,15,30,60,2,0.00001,1.405
15,15,30,60,3,0.00001,1.403
15,15,30,60,4,0.00001,1.402
15,15,30,60,8,0.00001,1.396
15,15,30,60,12,0.00001,1.389
15,15,30,60,16,0.00001,1.381
15,15,30,60,20,0.00001,1.372
15,15,30,60,24,0.00001,1.364
15,20,30,10,0,0.00001,1.668
15,20,30,10,1,0.00001,1.667
15,20,30,10,2,0.00001,1.667
15,20,30,10,3,0.00001,1.666
15,20,30,10,4,0.00001,1.665
15,20,30,10,8,0.00001,1.663
15,20,30,10,12,0.00001,1.661
15,20,30,10,16,0.00001,1.658
15,20,30,10,20,0.00001,1.655
15,20,30,10,24,0.00001,1.652
15,20,30,30,0,0.00001,1.668
15,20,30,30,1,0.00001,1.666
15,20,30,30,2,0.00001,1.665
15,20,30,30,3,0.00001,1.664
15,20,30,30,4,0.00001,1.663
15,20,30,30,8,0.00001,1.659
15,20,30,30,12,0.00001,1.654
15,20,30,30,16,0.00001,1.649
15,20,30,30,20,0.00001,1.642
15,20,30,30,24,0.00001,1.634
15,20,30,60,0,0.00001,1.668
15,20,30,60,1,0.00001,1.665
15,20,30,60,2,0.00001,1.664
15,20,30,60,3,0.00001,1.663
15,20,30,60,4,0.00001,1.662
15,20,30,60,8,0.00001,1.657
15,20,30,60,12,0.00001,1.652
15,20,30,60,16,0.00001,1.646
15,20,30,60,20,0.00001,1.637
15,20,30,60,24,0.00001,1.629
20,0,30,10,0,0.00001,0.660
20,0,30,10,1,0.00001,0.648
20,0,30,10,2,0.00001,0.636
20,0,30,10,3,0.00001,0.624
20,0,30,10,4,0.00001,0.613
20,0,30,10,8,0.00001,0.577
20,0,30,10,12,0.00001,0.545
20,0,30,10,16,0.00001,0.522
20,0,30,10,20,0.00001,0.503
20,0,30,10,24,0.00001,0.487
20,0,30,30,0,0.00001,0.660
20,0,30,30,1,0.00001,0.630
20,0,30,30,2,0.00001,0.602
20,0,30,30,3,0.00001,0.576
20,0,30,30,4,0.00001,0.551
20,0,30,30,8,0.00001,0.437
20,0,30,30,12,0.00001,0.389
20,0,30,30,16,0.00001,0.360
20,0,30,30,20,0.00001,0.343
20,0,30,30,24,0.00001,0.331
20,0,30,60,0,0.00001,0.660
20,0,30,60,1,0.00001,0.609
20,0,30,60,2,0.00001,0.565
20,0,30,60,3,0.00001,0.499
20,0,30,60,4,0.00001,0.473
20,0,30,60,8,0.00001,0.407
20,0,30,60,12,0.00001,0.371
20,0,30,60,16,0.00001,0.350
20,0,30,60,20,0.00001,0.336
20,0,30,60,24,0.00001,0.325
20,5,30,10,0,0.00001,1.056
20,5,30,10,1,0.00001,1.054
20,5,30,10,2,0.00001,1.053
20,5,30,10,3,0.00001,1.052
20,5,30,10,4,0.00001,1.051
20,5,30,10,8,0.00001,1.047
20,5,30,10,12,0.00001,1.043
20,5,30,10,16,0.00001,1.037
20,5,30,10,20,0.00001,1.028
20,5,30,10,24,0.00001,1.019
20,5,30,30,0,0.00001,1.056
20,5,30,30,1,0.00001,1.053
20,5,30,30,2,0.00001,1.051
20,5,30,30,3,0.00001,1.049
20,5,30,30,4,0.00001,1.047
20,5,30,30,8,0.00001,1.036
20,5,30,30,12,0.00001,1.018
20,5,30,30,16,0.00001,0.998
20,5,30,30,20,0.00001,0.977
20,5,30,30,24,0.00001,0.955
20,5,30,60,0,0.00001,1.056
20,5,30,60,1,0.00001,1.052
20,5,30,60,2,0.00001,1.049
20,5,30,60,3,0.00001,1.047
20,5,30,60,4,0.00001,1.044
20,5,30,60,8,0.00001,1.027
20,5,30,60,12,0.00001,1.008
20,5,30,60,16,0.00001,0.987
20,5,30,60,20,0.00001,0.964
20,5,30,60,24,0.00001,0.944
20,10,30,10,0,0.00001,1.347
20,10,30,10,1,0.00001,1.345
20,10,30,10,2,0.00001,1.344
20,10,30,10,3,0.00001,1.344
20,10,30,10,4,0.00001,1.343
20,10,30,10,8,0.00001,1.339
20,10,30,10,12,0.00001,1.334
20,10,30,10,16,0.00001,1.329
20,10,30,10,20,0.00001,1.323
20,10,30,10,24,0.00001,1.317
20,10,30,30,0,0.00001,1.347
20,10,30,30,1,0.00001,1.344
20,10,30,30,2,0.00001,1.343
20,10,30,30,3,0.00001,1.341
20,10,30,30,4,0.00001,1.339
20,10,30,30,8,0.00001,1.330
20,10,30,30,12,0.00001,1.318
20,10,30,30,16,0.00001,1.306
20,10,30,30,20,0.00001,1.292
20,10,30,30,24,0.00001,1.276
20,10,30,60,0,0.00001,1.347
20,10,30,60,1,0.00001,1.343
20,10,30,60,2,0.00001,1.341
20,10,30,60,3,0.00001,1.339
20,10,30,60,4,0.00001,1.336
20,10,30,60,8,0.00001,1.325
20,10,30,60,12,0.00001,1.312
20,10,30,60,16,0.00001,1.299
20,10,30,60,20,0.00001,1.282
20,10,30,60,24,0.00001,1.267
20,15,30,10,0,0.00001,1.627
20,15,30,10,1,0.00001,1.626
20,15,30,10,2,0.00001,1.625
20,15,30,10,3,0.00001,1.624
20,15,30,10,4,0.00001,1.624
20,15,30,10,8,0.00001,1.621
20,15,30,10,12,0.00001,1.618
20,15,30,10,16,0.00001,1.613
20,15,30,10,20,0.00001,1.609
20,15,30,10,24,0.00001,1.604
20,15,30,30,0,0.00001,1.627
20,15,30,30,1,0.00001,1.625
20,15,30,30,2,0.00001,1.624
20,15,30,30,3,0.00001,1.623
20,15,30,30,4,0.00001,1.621
20,15,30,30,8,0.00001,1.614
20,15,30,30,12,0.00001,1.606
20,15,30,30,16,0.00001,1.597
20,15,30,30,20,0.00001,1.582
20,15,30,30,24,0.00001,1.566
20,15,30,60,0,0.00001,1.627
20,15,30,60,1,0.00001,1.624
20,15,30,60,2,0.00001,1.623
20,15,30,60,3,0.00001,1.621
20,15,30,60,4,0.00001,1.619
20,15,30,60,8,0.00001,1.611
20,15,30,60,12,0.00001,1.602
20,15,30,60,16,0.00001,1.589
20,15,30,60,20,0.00001,1.573
20,15,30,60,24,0.00001,1.557
20,20,30,10,0,0.00001,1.892
20,20,30,10,1,0.00001,1.891
20,20,30,10,2,0.00001,1.890
20,20,30,10,3,0.00001,1.889
20,20,30,10,4,0.00001,1.889
20,20,30,10,8,0.00001,1.886
20,20,30,10,12,0.00001,1.883
20,20,30,10,16,0.00001,1.879
20,20,30,10,20,0.00001,1.874
20,20,30,10,24,0.00001,1.869
20,20,30,30,0,0.00001,1.892
20,20,30,30,1,0.00001,1.890
20,20,30,30,2,0.00001,1.889
20,20,30,30,3,0.00001,1.888
20,20,30,30,4,0.00001,1.886
20,20,30,30,8,0.00001,1.879
20,20,30,30,12,0.00001,1.871
20,20,30,30,16,0.00001,1.862
20,20,30,30,20,0.00001,1.851
20,20,30,30,24,0.00001,1.840
20,20,30,60,0,0.00001,1.892
20,20,30,60,1,0.00001,1.889
20,20,30,60,2,0.00001,1.888
20,20,30,60,3,0.00001,1.886
20,20,30,60,4,0.00001,1.884
20,20,30,60,8,0.00001,1.876
20,20,30,60,12,0.00001,1.867
20,20,30,60,16,0.00001,1.856
20,20,30,60,20,0.00001,1.844
20,20,30,60,24,0.00001,1.833
25,0,30,10,0,0.00001,0.846
25,0,30,10,1,0.00001,0.830
25,0,30,10,2,0.00001,0.813
25,0,30,10,3,0.00001,0.798
25,0,30,10,4,0.00001,0.784
25,0,30,10,8,0.00001,0.738
25,0,30,10,12,0.00001,0.698
25,0,30,10,16,0.00001,0.668
25,0,30,10,20,0.00001,0.644
25,0,30,10,24,0.00001,0.623
25,0,30,30,0,0.00001,0.846
25,0,30,30,1,0.00001,0.806
25,0,30,30,2,0.00001,0.769
25,0,30,30,3,0.00001,0.737
25,0,30,30,4,0.00001,0.705
25,0,30,30,8,0.00001,0.559
25,0,30,30,12,0.00001,0.498
25,0,30,30,16,0.00001,0.461
25,0,30,30,20,0.00001,0.439
25,0,30,30,24,0.00001,0.423
25,0,30,60,0,0.00001,0.846
25,0,30,60,1,0.00001,0.778
25,0,30,60,2,0.00001,0.722
25,0,30,60,3,0.00001,0.639
25,0,30,60,4,0.00001,0.606
25,0,30,60,8,0.00001,0.520
25,0,30,60,12,0.00001,0.475
25,0,30,60,16,0.00001,0.448
25,0,30,60,20,0.00001,0.430
25,0,30,60,24,0.00001,0.417
25,5,30,10,0,0.00001,1.265
25,5,30,10,1,0.00001,1.262
25,5,30,10,2,0.00001,1.260
25,5,30,10,3,0.00001,1.258
25,5,30,10,4,0.00001,1.256
25,5,30,10,8,0.00001,1.248
25,5,30,10,12,0.00001,1.240
25,5,30,10,16,0.00001,1.230
25,5,30,10,20,0.00001,1.218
25,5,30,10,24,0.00001,1.207
25,5,30,30,0,0.00001,1.265
25,5,30,30,1,0.00001,1.260
25,5,30,30,2,0.00001,1.256
25,5,30,30,3,0.00001,1.252
25,5,30,30,4,0.00001,1.248
25,5,30,30,8,0.00001,1.228
25,5,30,30,12,0.00001,1.205
25,5,30,30,16,0.00001,1.181
25,5,30,30,20,0.00001,1.155
25,5,30,30,24,0.00001,1.127
25,5,30,60,0,0.00001,1.265
25,5,30,60,1,0.00001,1.257
25,5,30,60,2,0.00001,1.252
25,5,30,60,3,0.00001,1.246
25,5,30,60,4,0.00001,1.241
25,5,30,60,8,0.00001,1.217
25,5,30,60,12,0.00001,1.193
25,5,30,60,16,0.00001,1.168
25,5,30,60,20,0.00001,1.138
25,5,30,60,24,0.00001,1.113
25,10,30,10,0,0.00001,1.561
25,10,30,10,1,0.00001,1.559
25,10,30,10,2,0.00001,1.558
25,10,30,10,3,0.00001,1.556
25,10,30,10,4,0.00001,1.555
25,10,30,10,8,0.00001,1.550
25,10,30,10,12,0.00001,1.545
25,10,30,10,16,0.00001,1.538
25,10,30,10,20,0.00001,1.531
25,10,30,10,24,0.00001,1.524
25,10,30,30,0,0.00001,1.561
25,10,30,30,1,0.00001,1.557
25,10,30,30,2,0.00001,1.555
25,10,30,30,3,0.00001,1.553
25,10,30,30,4,0.00001,1.551
25,10,30,30,8,0.00001,1.539
25,10,30,30,12,0.00001,1.525
25,10,30,30,16,0.00001,1.509
25,10,30,30,20,0.00001,1.491
25,10,30,30,24,0.00001,1.472
25,10,30,60,0,0.00001,1.561
25,10,30,60,1,0.00001,1.556
25,10,30,60,2,0.00001,1.553
25,10,30,60,3,0.00001,1.550
25,10,30,60,4,0.00001,1.547
25,10,30,60,8,0.00001,1.533
25,10,30,60,12,0.00001,1.517
25,10,30,60,16,0.00001,1.500
25,10,30,60,20,0.00001,1.479
25,10,30,60,24,0.00001,1.458
25,15,30,10,0,0.00001,1.852
25,15,30,10,1,0.00001,1.850
25,15,30,10,2,0.00001,1.849
25,15,30,10,3,0.00001,1.848
25,15,30,10,4,0.00001,1.846
25,15,30,10,8,0.00001,1.842
25,15,30,10,12,0.00001,1.836
25,15,30,10,16,0.00001,1.829
25,15,30,10,20,0.00001,1.822
25,15,30,10,24,0.00001,1.814
25,15,30,30,0,0.00001,1.852
25,15,30,30,1,0.00001,1.849
25,15,30,30,2,0.00001,1.846
25,15,30,30,3,0.00001,1.844
25,15,30,30,4,0.00001,1.842
25,15,30,30,8,0.00001,1.830
25,15,30,30,12,0.00001,1.816
25,15,30,30,16,0.00001,1.800
25,15,30,30,20,0.00001,1.782
25,15,30,30,24,0.00001,1.762
25,15,30,60,0,0.00001,1.852
25,15,30,60,1,0.00001,1.847
25,15,30,60,2,0.00001,1.844
25,15,30,60,3,0.00001,1.841
25,15,30,60,4,0.00001,1.838
25,15,30,60,8,0.00001,1.824
25,15,30,60,12,0.00001,1.808
25,15,30,60,16,0.00001,1.791
25,15,30,60,20,0.00001,1.770
25,15,30,60,24,0.00001,1.750
25,20,30,10,0,0.00001,2.125
25,20,30,10,1,0.00001,2.124
25,20,30,10,2,0.00001,2.123
25,20,30,10,3,0.00001,2.122
25,20,30,10,4,0.00001,2.122
25,20,30,10,8,0.00001,2.118
25,20,30,10,12,0.00001,2.114
25,20,30,10,16,0.00001,2.109
25,20,30,10,20,0.00001,2.103
25,20,30,10,24,0.00001,2.097
25,20,30,30,0,0.00001,2.125
25,20,30,30,1,0.00001,2.123
25,20,30,30,2,0.00001,2.122
25,20,30,30,3,0.00001,2.121
25,20,30,30,4,0.00001,2.119
25,20,30,30,8,0.00001,2.110
25,20,30,30,12,0.00001,2.099
25,20,30,30,16,0.00001,2.087
25,20,30,30,20,0.00001,2.072
25,20,30,30,24,0.00001,2.052
25,20,30,60,0,0.00001,2.125
25,20,30,60,1,0.00001,2.123
25,20,30,60,2,0.00001,2.121
25,20,30,60,3,0.00001,2.118
25,20,30,60,4,0.00001,2.116
25,20,30,60,8,0.00001,2.106
25,20,30,60,12,0.00001,2.094
25,20,30,60,16,0.00001,2.081
25,20,30,60,20,0.00001,2.060
25,20,30,60,24,0.00001,2.041
30,0,30,10,0,0.00001,1.046
30,0,30,10,1,0.00001,1.005
30,0,30,10,2,0.00001,0.986
30,0,30,10,3,0.00001,0.969
30,0,30,10,4,0.00001,0.913
30,0,30,10,8,0.00001,0.864
30,0,30,10,12,0.00001,0.827
30,0,30,10,16,0.00001,0.797
30,0,30,10,20,0.00001,0.772
30,0,30,10,24,0.00001,0.772
30,0,30,30,0,0.00001,1.046
30,0,30,30,1,0.00001,0.997
30,0,30,30,2,0.00001,0.951
30,0,30,30,3,0.00001,0.911
30,0,30,30,4,0.00001,0.872
30,0,30,30,8,0.00001,0.691
30,0,30,30,12,0.00001,0.616
30,0,30,30,16,0.00001,0.571
30,0,30,30,20,0.00001,0.544
30,0,30,30,24,0.00001,0.524
30,0,30,60,0,0.00001,1.046
30,0,30,60,1,0.00001,0.963
30,0,30,60,2,0.00001,0.893
30,0,30,60,3,0.00001,0.791
30,0,30,60,4,0.00001,0.750
30,0,30,60,8,0.00001,0.644
30,0,30,60,12,0.00001,0.588
30,0,30,60,16,0.00001,0.555
30,0,30,60,20,0.00001,0.533
30,0,30,60,24,0.00001,0.516
30,5,30,10,0,0.00001,1.482
30,5,30,10,1,0.00001,1.478
30,5,30,10,2,0.00001,1.475
30,5,30,10,3,0.00001,1.473
30,5,30,10,4,0.00001,1.471
30,5,30,10,8,0.00001,1.461
30,5,30,10,12,0.00001,1.451
30,5,30,10,16,0.00001,1.424
30,5,30,10,20,0.00001,1.411
30,5,30,10,24,0.00001,1.411
30,5,30,30,0,0.00001,1.482
30,5,30,30,1,0.00001,1.475
30,5,30,30,2,0.00001,1.470
30,5,30,30,3,0.00001,1.466
30,5,30,30,4,0.00001,1.460
30,5,30,30,8,0.00001,1.437
30,5,30,30,12,0.00001,1.409
30,5,30,30,16,0.00001,1.373
30,5,30,30,20,0.00001,1.333
30,5,30,30,24,0.00001,1.298
30,5,30,60,0,0.00001,1.482
30,5,30,60,1,0.00001,1.472
30,5,30,60,2,0.00001,1.466
30,5,30,60,3,0.00001,1.459
30,5,30,60,4,0.00001,1.452
30,5,30,60,8,0.00001,1.424
30,5,30,60,12,0.00001,1.393
30,5,30,60,16,0.00001,1.351
30,5,30,60,20,0.00001,1.312
30,5,30,60,24,0.00001,1.282
30,10,30,10,0,0.00001,1.794
30,10,30,10,1,0.00001,1.791
30,10,30,10,2,0.00001,1.790
30,10,30,10,3,0.00001,1.788
30,10,30,10,4,0.00001,1.787
30,10,30,10,8,0.00001,1.781
30,10,30,10,12,0.00001,1.774
30,10,30,10,16,0.00001,1.765
30,10,30,10,20,0.00001,1.757
30,10,30,10,24,0.00001,1.748
30,10,30,30,0,0.00001,1.794
30,10,30,30,1,0.00001,1.789
30,10,30,30,2,0.00001,1.787
30,10,30,30,3,0.00001,1.784
30,10,30,30,4,0.00001,1.781
30,10,30,30,8,0.00001,1.767
30,10,30,30,12,0.00001,1.749
30,10,30,30,16,0.00001,1.727
30,10,30,30,20,0.00001,1.694
30,10,30,30,24,0.00001,1.659
30,10,30,60,0,0.00001,1.794
30,10,30,60,1,0.00001,1.788
30,10,30,60,2,0.00001,1.784
30,10,30,60,3,0.00001,1.780
30,10,30,60,4,0.00001,1.777
30,10,30,60,8,0.00001,1.759
30,10,30,60,12,0.00001,1.740
30,10,30,60,16,0.00001,1.710
30,10,30,60,20,0.00001,1.673
30,10,30,60,24,0.00001,1.641
30,15,30,10,0,0.00001,2.085
30,15,30,10,1,0.00001,2.082
30,15,30,10,2,0.00001,2.081
30,15,30,10,3,0.00001,2.079
30,15,30,10,4,0.00001,2.078
30,15,30,10,8,0.00001,2.072
30,15,30,10,12,0.00001,2.065
30,15,30,10,16,0.00001,2.057
30,15,30,10,20,0.00001,2.048
30,15,30,10,24,0.00001,2.039
30,15,30,30,0,0.00001,2.085
30,15,30,30,1,0.00001,2.081
30,15,30,30,2,0.00001,2.078
30,15,30,30,3,0.00001,2.075
30,15,30,30,4,0.00001,2.072
30,15,30,30,8,0.00001,2.058
30,15,30,30,12,0.00001,2.040
30,15,30,30,16,0.00001,2.021
30,15,30,30,20,0.00001,1.999
30,15,30,30,24,0.00001,1.974
30,15,30,60,0,0.00001,2.085
30,15,30,60,1,0.00001,2.079
30,15,30,60,2,0.00001,2.075
30,15,30,60,3,0.00001,2.072
30,15,30,60,4,0.00001,2.068
30,15,30,60,8,0.00001,2.050
30,15,30,60,12,0.00001,2.031
30,15,30,60,16,0.00001,2.010
30,15,30,60,20,0.00001,1.984
30,15,30,60,24,0.00001,1.961
30,20,30,10,0,0.00001,2.376
30,20,30,10,1,0.00001,2.373
30,20,30,10,2,0.00001,2.371
30,20,30,10,3,0.00001,2.370
30,20,30,10,4,0.00001,2.368
30,20,30,10,8,0.00001,2.363
30,20,30,10,12,0.00001,2.356
30,20,30,10,16,0.00001,2.347
30,20,30,10,20,0.00001,2.338
30,20,30,10,24,0.00001,2.330
30,20,30,30,0,0.00001,2.376
30,20,30,30,1,0.00001,2.371
30,20,30,30,2,0.00001,2.369
30,20,30,30,3,0.00001,2.366
30,20,30,30,4,0.00001,2.363
30,20,30,30,8,0.00001,2.348
30,20,30,30,12,0.00001,2.331
30,20,30,30,16,0.00001,2.312
30,20,30,30,20,0.00001,2.289
30,20,30,30,24,0.00001,2.264
30,20,30,60,0,0.00001,2.376
30,20,30,60,1,0.00001,2.370
30,20,30,60,2,0.00001,2.366
30,20,30,60,3,0.00001,2.362
30,20,30,60,4,0.00001,2.358
30,20,30,60,8,0.00001,2.341
30,20,30,60,12,0.00001,2.322
30,20,30,60,16,0.00001,2.300
30,20,30,60,20,0.00001,2.274
30,20,30,60,24,0.00001,2.251
15,0,45,10,0,0.00001,0.334
15,0,45,10,1,0.00001,0.332
15,0,45,10,2,0.00001,0.328
15,0,45,10,3,0.00001,0.325
15,0,45,10,4,0.00001,0.321
15,0,45,10,8,0.00001,0.291
15,0,45,10,12,0.00001,0.274
15,0,45,10,16,0.00001,0.262
15,0,45,10,20,0.00001,0.254
15,0,45,10,24,0.00001,0.246
15,0,45,30,0,0.00001,0.334
15,0,45,30,1,0.00001,0.326
15,0,45,30,2,0.00001,0.300
15,0,45,30,3,0.00001,0.284
15,0,45,30,4,0.00001,0.267
15,0,45,30,8,0.00001,0.205
15,0,45,30,12,0.00001,0.183
15,0,45,30,16,0.00001,0.166
15,0,45,30,20,0.00001,0.154
15,0,45,30,24,0.00001,0.146
15,0,45,60,0,0.00001,0.334
15,0,45,60,1,0.00001,0.301
15,0,45,60,2,0.00001,0.266
15,0,45,60,3,0.00001,0.233
15,0,45,60,4,0.00001,0.222
15,0,45,60,8,0.00001,0.193
15,0,45,60,12,0.00001,0.174
15,0,45,60,16,0.00001,0.159
15,0,45,60,20,0.00001,0.150
15,0,45,60,24,0.00001,0.142
15,5,45,10,0,0.00001,0.702
15,5,45,10,1,0.00001,0.701
15,5,45,10,2,0.00001,0.701
15,5,45,10,3,0.00001,0.700
15,5,45,10,4,0.00001,0.699
15,5,45,10,8,0.00001,0.697
15,5,45,10,12,0.00001,0.693
15,5,45,10,16,0.00001,0.690
15,5,45,10,20,0.00001,0.685
15,5,45,10,24,0.00001,0.680
15,5,45,30,0,0.00001,0.702
15,5,45,30,1,0.00001,0.700
15,5,45,30,2,0.00001,0.699
15,5,45,30,3,0.00001,0.697
15,5,45,30,4,0.00001,0.696
15,5,45,30,8,0.00001,0.687
15,5,45,30,12,0.00001,0.679
15,5,45,30,16,0.00001,0.669
15,5,45,30,20,0.00001,0.657
15,5,45,30,24,0.00001,0.645
15,5,45,60,0,0.00001,0.702
15,5,45,60,1,0.00001,0.700
15,5,45,60,2,0.00001,0.697
15,5,45,60,3,0.00001,0.695
15,5,45,60,4,0.00001,0.693
15,5,45,60,8,0.00001,0.683
15,5,45,60,12,0.00001,0.674
15,5,45,60,16,0.00001,0.664
15,5,45,60,20,0.00001,0.651
15,5,45,60,24,0.00001,0.637
15,10,45,10,0,0.00001,0.966
15,10,45,10,1,0.00001,0.965
15,10,45,10,2,0.00001,0.965
15,10,45,10,3,0.00001,0.965
15,10,45,10,4,0.00001,0.964
15,10,45,10,8,0.00001,0.963
15,10,45,10,12,0.00001,0.960
15,10,45,10,16,0.00001,0.957
15,10,45,10,20,0.00001,0.954
15,10,45,10,24,0.00001,0.950
15,10,45,30,0,0.00001,0.966
15,10,45,30,1,0.00001,0.965
15,10,45,30,2,0.00001,0.964
15,10,45,30,3,0.00001,0.963
15,10,45,30,4,0.00001,0.962
15,10,45,30,8,0.00001,0.956
15,10,45,30,12,0.00001,0.950
15,10,45,30,16,0.00001,0.943
15,10,45,30,20,0.00001,0.936
15,10,45,30,24,0.00001,0.927
15,10,45,60,0,0.00001,0.966
15,10,45,60,1,0.00001,0.965
15,10,45,60,2,0.00001,0.963
15,10,45,60,3,0.00001,0.962
15,10,45,60,4,0.00001,0.960
15,10,45,60,8,0.00001,0.953
15,10,45,60,12,0.00001,0.947
15,10,45,60,16,0.00001,0.940
15,10,45,60,20,0.00001,0.931
15,10,45,60,24,0.00001,0.922
15,15,45,10,0,0.00001,1.223
15,15,45,10,1,0.00001,1.222
15,15,45,10,2,0.00001,1.222
15,15,45,10,3,0.00001,1.221
15,15,45,10,4,0.00001,1.220
15,15,45,10,8,0.00001,1.218
15,15,45,10,12,0.00001,1.215
15,15,45,10,16,0.00001,1.212
15,15,45,10,20,0.00001,1.209
15,15,45,10,24,0.00001,1.193
15,15,45,30,0,0.00001,1.223
15,15,45,30,1,0.00001,1.221
15,15,45,30,2,0.00001,1.219
15,15,45,30,3,0.00001,1.218
15,15,45,30,4,0.00001,1.217
15,15,45,30,8,0.00001,1.211
15,15,45,30,12,0.00001,1.205
15,15,45,30,16,0.00001,1.188
15,15,45,30,20,0.00001,1.181
15,15,45,30,24,0.00001,1.174
15,15,45,60,0,0.00001,1.223
15,15,45,60,1,0.00001,1.220
15,15,45,60,2,0.00001,1.218
15,15,45,60,3,0.00001,1.216
15,15,45,60,4,0.00001,1.214
15,15,45,60,8,0.00001,1.208
15,15,45,60,12,0.00001,1.202
15,15,45,60,16,0.00001,1.185
15,15,45,60,20,0.00001,1.177
15,15,45,60,24,0.00001,1.170
15,20,45,10,0,0.00001,1.469
15,20,45,10,1,0.00001,1.468
15,20,45,10,2,0.00001,1.467
15,20,45,10,3,0.00001,1.466
15,20,45,10,4,0.00001,1.465
15,20,45,10,8,0.00001,1.463
15,20,45,10,12,0.00001,1.461
15,20,45,10,16,0.00001,1.457
15,20,45,10,20,0.00001,1.454
15,20,45,10,24,0.00001,1.452
15,20,45,30,0,0.00001,1.469
15,20,45,30,1,0.00001,1.466
15,20,45,30,2,0.00001,1.465
15,20,45,30,3,0.00001,1.464
15,20,45,30,4,0.00001,1.462
15,20,45,30,8,0.00001,1.456
15,20,45,30,12,0.00001,1.450
15,20,45,30,16,0.00001,1.444
15,20,45,30,20,0.00001,1.438
15,20,45,30,24,0.00001,1.430
15,20,45,60,0,0.00001,1.469
15,20,45,60,1,0.00001,1.466
15,20,45,60,2,0.00001,1.463
15,20,45,60,3,0.00001,1.461
15,20,45,60,4,0.00001,1.459
15,20,45,60,8,0.00001,1.454
15,20,45,60,12,0.00001,1.448
15,20,45,60,16,0.00001,1.441
15,20,45,60,20,0.00001,1.433
15,20,45,60,24,0.00001,1.426
20,0,45,10,0,0.00001,0.454
20,0,45,10,1,0.00001,0.449
20,0,45,10,2,0.00001,0.444
20,0,45,10,3,0.00001,0.441
20,0,45,10,4,0.00001,0.435
20,0,45,10,8,0.00001,0.395
20,0,45,10,12,0.00001,0.371
20,0,45,10,16,0.00001,0.355
20,0,45,10,20,0.00001,0.344
20,0,45,10,24,0.00001,0.333
20,0,45,30,0,0.00001,0.454
20,0,45,30,1,0.00001,0.442
20,0,45,30,2,0.00001,0.406
20,0,45,30,3,0.00001,0.384
20,0,45,30,4,0.00001,0.361
20,0,45,30,8,0.00001,0.278
20,0,45,30,12,0.00001,0.249
20,0,45,30,16,0.00001,0.225
20,0,45,30,20,0.00001,0.209
20,0,45,30,24,0.00001,0.197
20,0,45,60,0,0.00001,0.454
20,0,45,60,1,0.00001,0.408
20,0,45,60,2,0.00001,0.360
20,0,45,60,3,0.00001,0.316
20,0,45,60,4,0.00001,0.302
20,0,45,60,8,0.00001,0.261
20,0,45,60,12,0.00001,0.236
20,0,45,60,16,0.00001,0.216
20,0,45,60,20,0.00001,0.203
20,0,45,60,24,0.00001,0.192
20,5,45,10,0,0.00001,0.850
20,5,45,10,1,0.00001,0.849
20,5,45,10,2,0.00001,0.849
20,5,45,10,3,0.00001,0.848
20,5,45,10,4,0.00001,0.847
20,5,45,10,8,0.00001,0.843
20,5,45,10,12,0.00001,0.838
20,5,45,10,16,0.00001,0.833
20,5,45,10,20,0.00001,0.826
20,5,45,10,24,0.00001,0.821
20,5,45,30,0,0.00001,0.850
20,5,45,30,1,0.00001,0.848
20,5,45,30,2,0.00001,0.846
20,5,45,30,3,0.00001,0.844
20,5,45,30,4,0.00001,0.841
20,5,45,30,8,0.00001,0.829
20,5,45,30,12,0.00001,0.817
20,5,45,30,16,0.00001,0.805
20,5,45,30,20,0.00001,0.787
20,5,45,30,24,0.00001,0.765
20,5,45,60,0,0.00001,0.850
20,5,45,60,1,0.00001,0.847
20,5,45,60,2,0.00001,0.844
20,5,45,60,3,0.00001,0.840
20,5,45,60,4,0.00001,0.837
20,5,45,60,8,0.00001,0.824
20,5,45,60,12,0.00001,0.811
20,5,45,60,16,0.00001,0.799
20,5,45,60,20,0.00001,0.774
20,5,45,60,24,0.00001,0.755
20,10,45,10,0,0.00001,1.133
20,10,45,10,1,0.00001,1.132
20,10,45,10,2,0.00001,1.130
20,10,45,10,3,0.00001,1.129
20,10,45,10,4,0.00001,1.128
20,10,45,10,8,0.00001,1.123
20,10,45,10,12,0.00001,1.119
20,10,45,10,16,0.00001,1.114
20,10,45,10,20,0.00001,1.108
20,10,45,10,24,0.00001,1.103
20,10,45,30,0,0.00001,1.133
20,10,45,30,1,0.00001,1.129
20,10,45,30,2,0.00001,1.126
20,10,45,30,3,0.00001,1.124
20,10,45,30,4,0.00001,1.121
20,10,45,30,8,0.00001,1.110
20,10,45,30,12,0.00001,1.100
20,10,45,30,16,0.00001,1.090
20,10,45,30,20,0.00001,1.078
20,10,45,30,24,0.00001,1.061
20,10,45,60,0,0.00001,1.133
20,10,45,60,1,0.00001,1.127
20,10,45,60,2,0.00001,1.123
20,10,45,60,3,0.00001,1.120
20,10,45,60,4,0.00001,1.117
20,10,45,60,8,0.00001,1.106
20,10,45,60,12,0.00001,1.095
20,10,45,60,16,0.00001,1.085
20,10,45,60,20,0.00001,1.068
20,10,45,60,24,0.00001,1.052
20,15,45,10,0,0.00001,1.380
20,15,45,10,1,0.00001,1.380
20,15,45,10,2,0.00001,1.380
20,15,45,10,3,0.00001,1.379
20,15,45,10,4,0.00001,1.379
20,15,45,10,8,0.00001,1.376
20,15,45,10,12,0.00001,1.374
20,15,45,10,16,0.00001,1.382
20,15,45,10,20,0.00001,1.365
20,15,45,10,24,0.00001,1.361
20,15,45,30,0,0.00001,1.380
20,15,45,30,1,0.00001,1.380
20,15,45,30,2,0.00001,1.379
20,15,45,30,3,0.00001,1.377
20,15,45,30,4,0.00001,1.376
20,15,45,30,8,0.00001,1.381
20,15,45,30,12,0.00001,1.360
20,15,45,30,16,0.00001,1.351
20,15,45,30,20,0.00001,1.341
20,15,45,30,24,0.00001,1.330
20,15,45,60,0,0.00001,1.380
20,15,45,60,1,0.00001,1.379
20,15,45,60,2,0.00001,1.378
20,15,45,60,3,0.00001,1.375
20,15,45,60,4,0.00001,1.374
20,15,45,60,8,0.00001,1.365
20,15,45,60,12,0.00001,1.356
20,15,45,60,16,0.00001,1.346
20,15,45,60,20,0.00001,1.335
20,15,45,60,24,0.00001,1.325
20,20,45,10,0,0.00001,1.642
20,20,45,10,1,0.00001,1.641
20,20,45,10,2,0.00001,1.640
20,20,45,10,3,0.00001,1.639
20,20,45,10,4,0.00001,1.638
20,20,45,10,8,0.00001,1.635
20,20,45,10,12,0.00001,1.632
20,20,45,10,16,0.00001,1.628
20,20,45,10,20,0.00001,1.606
20,20,45,10,24,0.00001,1.604
20,20,45,30,0,0.00001,1.642
20,20,45,30,1,0.00001,1.639
20,20,45,30,2,0.00001,1.637
20,20,45,30,3,0.00001,1.636
20,20,45,30,4,0.00001,1.634
20,20,45,30,8,0.00001,1.626
20,20,45,30,12,0.00001,1.602
20,20,45,30,16,0.00001,1.596
20,20,45,30,20,0.00001,1.586
20,20,45,30,24,0.00001,1.577
20,20,45,60,0,0.00001,1.642
20,20,45,60,1,0.00001,1.638
20,20,45,60,2,0.00001,1.635
20,20,45,60,3,0.00001,1.633
20,20,45,60,4,0.00001,1.631
20,20,45,60,8,0.00001,1.622
20,20,45,60,12,0.00001,1.599
20,20,45,60,16,0.00001,1.592
20,20,45,60,20,0.00001,1.581
20,20,45,60,24,0.00001,1.572
25,0,45,10,0,0.00001,0.580
25,0,45,10,1,0.00001,0.575
25,0,45,10,2,0.00001,0.570
25,0,45,10,3,0.00001,0.563
25,0,45,10,4,0.00001,0.556
25,0,45,10,8,0.00001,0.505
25,0,45,10,12,0.00001,0.475
25,0,45,10,16,0.00001,0.455
25,0,45,10,20,0.00001,0.440
25,0,45,10,24,0.00001,0.426
25,0,45,30,0,0.00001,0.580
25,0,45,30,1,0.00001,0.565
25,0,45,30,2,0.00001,0.518
25,0,45,30,3,0.00001,0.491
25,0,45,30,4,0.00001,0.462
25,0,45,30,8,0.00001,0.356
25,0,45,30,12,0.00001,0.317
25,0,45,30,16,0.00001,0.288
25,0,45,30,20,0.00001,0.267
25,0,45,30,24,0.00001,0.251
25,0,45,60,0,0.00001,0.580
25,0,45,60,1,0.00001,0.522
25,0,45,60,2,0.00001,0.460
25,0,45,60,3,0.00001,0.404
25,0,45,60,4,0.00001,0.386
25,0,45,60,8,0.00001,0.334
25,0,45,60,12,0.00001,0.302
25,0,45,60,16,0.00001,0.277
25,0,45,60,20,0.00001,0.259
25,0,45,60,24,0.00001,0.246
25,5,45,10,0,0.00001,1.006
25,5,45,10,1,0.00001,1.006
25,5,45,10,2,0.00001,1.005
25,5,45,10,3,0.00001,1.004
25,5,45,10,4,0.00001,1.003
25,5,45,10,8,0.00001,0.998
25,5,45,10,12,0.00001,0.992
25,5,45,10,16,0.00001,0.985
25,5,45,10,20,0.00001,0.976
25,5,45,10,24,0.00001,0.968
25,5,45,30,0,0.00001,1.006
25,5,45,30,1,0.00001,1.004
25,5,45,30,2,0.00001,1.002
25,5,45,30,3,0.00001,0.999
25,5,45,30,4,0.00001,0.996
25,5,45,30,8,0.00001,0.978
25,5,45,30,12,0.00001,0.958
25,5,45,30,16,0.00001,0.939
25,5,45,30,20,0.00001,0.907
25,5,45,30,24,0.00001,0.878
25,5,45,60,0,0.00001,1.006
25,5,45,60,1,0.00001,1.003
25,5,45,60,2,0.00001,0.999
25,5,45,60,3,0.00001,0.994
25,5,45,60,4,0.00001,0.989
25,5,45,60,8,0.00001,0.968
25,5,45,60,12,0.00001,0.949
25,5,45,60,16,0.00001,0.924
25,5,45,60,20,0.00001,0.890
25,5,45,60,24,0.00001,0.867
25,10,45,10,0,0.00001,1.295
25,10,45,10,1,0.00001,1.294
25,10,45,10,2,0.00001,1.293
25,10,45,10,3,0.00001,1.292
25,10,45,10,4,0.00001,1.291
25,10,45,10,8,0.00001,1.286
25,10,45,10,12,0.00001,1.280
25,10,45,10,16,0.00001,1.273
25,10,45,10,20,0.00001,1.265
25,10,45,10,24,0.00001,1.257
25,10,45,30,0,0.00001,1.295
25,10,45,30,1,0.00001,1.292
25,10,45,30,2,0.00001,1.290
25,10,45,30,3,0.00001,1.287
25,10,45,30,4,0.00001,1.284
25,10,45,30,8,0.00001,1.269
25,10,45,30,12,0.00001,1.254
25,10,45,30,16,0.00001,1.238
25,10,45,30,20,0.00001,1.218
25,10,45,30,24,0.00001,1.197
25,10,45,60,0,0.00001,1.295
25,10,45,60,1,0.00001,1.291
25,10,45,60,2,0.00001,1.286
25,10,45,60,3,0.00001,1.282
25,10,45,60,4,0.00001,1.278
25,10,45,60,8,0.00001,1.262
25,10,45,60,12,0.00001,1.246
25,10,45,60,16,0.00001,1.229
25,10,45,60,20,0.00001,1.206
25,10,45,60,24,0.00001,1.184
25,15,45,10,0,0.00001,1.561
25,15,45,10,1,0.00001,1.561
25,15,45,10,2,0.00001,1.560
25,15,45,10,3,0.00001,1.560
25,15,45,10,4,0.00001,1.559
25,15,45,10,8,0.00001,1.556
25,15,45,10,12,0.00001,1.552
25,15,45,10,16,0.00001,1.545
25,15,45,10,20,0.00001,1.538
25,15,45,10,24,0.00001,1.532
25,15,45,30,0,0.00001,1.561
25,15,45,30,1,0.00001,1.560
25,15,45,30,2,0.00001,1.559
25,15,45,30,3,0.00001,1.557
25,15,45,30,4,0.00001,1.555
25,15,45,30,8,0.00001,1.541
25,15,45,30,12,0.00001,1.528
25,15,45,30,16,0.00001,1.515
25,15,45,30,20,0.00001,1.500
25,15,45,30,24,0.00001,1.483
25,15,45,60,0,0.00001,1.561
25,15,45,60,1,0.00001,1.560
25,15,45,60,2,0.00001,1.557
25,15,45,60,3,0.00001,1.553
25,15,45,60,4,0.00001,1.549
25,15,45,60,8,0.00001,1.535
25,15,45,60,12,0.00001,1.522
25,15,45,60,16,0.00001,1.508
25,15,45,60,20,0.00001,1.490
25,15,45,60,24,0.00001,1.473
25,20,45,10,0,0.00001,1.807
25,20,45,10,1,0.00001,1.806
25,20,45,10,2,0.00001,1.806
25,20,45,10,3,0.00001,1.805
25,20,45,10,4,0.00001,1.805
25,20,45,10,8,0.00001,1.802
25,20,45,10,12,0.00001,1.798
25,20,45,10,16,0.00001,1.793
25,20,45,10,20,0.00001,1.787
25,20,45,10,24,0.00001,1.781
25,20,45,30,0,0.00001,1.807
25,20,45,30,1,0.00001,1.806
25,20,45,30,2,0.00001,1.804
25,20,45,30,3,0.00001,1.803
25,20,45,30,4,0.00001,1.801
25,20,45,30,8,0.00001,1.791
25,20,45,30,12,0.00001,1.780
25,20,45,30,16,0.00001,1.769
25,20,45,30,20,0.00001,1.757
25,20,45,30,24,0.00001,1.743
25,20,45,60,0,0.00001,1.807
25,20,45,60,1,0.00001,1.805
25,20,45,60,2,0.00001,1.803
25,20,45,60,3,0.00001,1.800
25,20,45,60,4,0.00001,1.798
25,20,45,60,8,0.00001,1.787
25,20,45,60,12,0.00001,1.775
25,20,45,60,16,0.00001,1.763
25,20,45,60,20,0.00001,1.749
25,20,45,60,24,0.00001,1.737
30,0,45,10,0,0.00001,0.718
30,0,45,10,1,0.00001,0.712
30,0,45,10,2,0.00001,0.704
30,0,45,10,3,0.00001,0.696
30,0,45,10,4,0.00001,0.688
30,0,45,10,8,0.00001,0.624
30,0,45,10,12,0.00001,0.586
30,0,45,10,16,0.00001,0.562
30,0,45,10,20,0.00001,0.544
30,0,45,10,24,0.00001,0.527
30,0,45,30,0,0.00001,0.718
30,0,45,30,1,0.00001,0.698
30,0,45,30,2,0.00001,0.640
30,0,45,30,3,0.00001,0.607
30,0,45,30,4,0.00001,0.510
30,0,45,30,8,0.00001,0.440
30,0,45,30,12,0.00001,0.392
30,0,45,30,16,0.00001,0.357
30,0,45,30,20,0.00001,0.330
30,0,45,30,24,0.00001,0.311
30,0,45,60,0,0.00001,0.718
30,0,45,60,1,0.00001,0.645
30,0,45,60,2,0.00001,0.567
30,0,45,60,3,0.00001,0.499
30,0,45,60,4,0.00001,0.477
30,0,45,60,8,0.00001,0.413
30,0,45,60,12,0.00001,0.374
30,0,45,60,16,0.00001,0.342
30,0,45,60,20,0.00001,0.320
30,0,45,60,24,0.00001,0.304
30,5,45,10,0,0.00001,1.176
30,5,45,10,1,0.00001,1.175
30,5,45,10,2,0.00001,1.174
30,5,45,10,3,0.00001,1.172
30,5,45,10,4,0.00001,1.171
30,5,45,10,8,0.00001,1.160
30,5,45,10,12,0.00001,1.150
30,5,45,10,16,0.00001,1.139
30,5,45,10,20,0.00001,1.127
30,5,45,10,24,0.00001,1.117
30,5,45,30,0,0.00001,1.176
30,5,45,30,1,0.00001,1.173
30,5,45,30,2,0.00001,1.167
30,5,45,30,3,0.00001,1.161
30,5,45,30,4,0.00001,1.153
30,5,45,30,8,0.00001,1.128
30,5,45,30,12,0.00001,1.102
30,5,45,30,16,0.00001,1.054
30,5,45,30,20,0.00001,1.015
30,5,45,30,24,0.00001,0.989
30,5,45,60,0,0.00001,1.176
30,5,45,60,1,0.00001,1.169
30,5,45,60,2,0.00001,1.158
30,5,45,60,3,0.00001,1.149
30,5,45,60,4,0.00001,1.142
30,5,45,60,8,0.00001,1.117
30,5,45,60,12,0.00001,1.078
30,5,45,60,16,0.00001,1.034
30,5,45,60,20,0.00001,1.000
30,5,45,60,24,0.00001,0.981
30,10,45,10,0,0.00001,1.465
30,10,45,10,1,0.00001,1.464
30,10,45,10,2,0.00001,1.463
30,10,45,10,3,0.00001,1.462
30,10,45,10,4,0.00001,1.460
30,10,45,10,8,0.00001,1.454
30,10,45,10,12,0.00001,1.448
30,10,45,10,16,0.00001,1.439
30,10,45,10,20,0.00001,1.429
30,10,45,10,24,0.00001,1.419
30,10,45,30,0,0.00001,1.465
30,10,45,30,1,0.00001,1.463
30,10,45,30,2,0.00001,1.459
30,10,45,30,3,0.00001,1.456
30,10,45,30,4,0.00001,1.452
30,10,45,30,8,0.00001,1.434
30,10,45,30,12,0.00001,1.414
30,10,45,30,16,0.00001,1.394
30,10,45,30,20,0.00001,1.371
30,10,45,30,24,0.00001,1.340
30,10,45,60,0,0.00001,1.465
30,10,45,60,1,0.00001,1.461
30,10,45,60,2,0.00001,1.456
30,10,45,60,3,0.00001,1.450
30,10,45,60,4,0.00001,1.445
30,10,45,60,8,0.00001,1.424
30,10,45,60,12,0.00001,1.405
30,10,45,60,16,0.00001,1.384
30,10,45,60,20,0.00001,1.354
30,10,45,60,24,0.00001,1.324
30,15,45,10,0,0.00001,1.749
30,15,45,10,1,0.00001,1.747
30,15,45,10,2,0.00001,1.744
30,15,45,10,3,0.00001,1.742
30,15,45,10,4,0.00001,1.740
30,15,45,10,8,0.00001,1.733
30,15,45,10,12,0.00001,1.726
30,15,45,10,16,0.00001,1.718
30,15,45,10,20,0.00001,1.710
30,15,45,10,24,0.00001,1.703
30,15,45,30,0,0.00001,1.749
30,15,45,30,1,0.00001,1.743
30,15,45,30,2,0.00001,1.738
30,15,45,30,3,0.00001,1.734
30,15,45,30,4,0.00001,1.730
30,15,45,30,8,0.00001,1.714
30,15,45,30,12,0.00001,1.698
30,15,45,30,16,0.00001,1.681
30,15,45,30,20,0.00001,1.659
30,15,45,30,24,0.00001,1.663
30,15,45,60,0,0.00001,1.749
30,15,45,60,1,0.00001,1.739
30,15,45,60,2,0.00001,1.733
30,15,45,60,3,0.00001,1.728
30,15,45,60,4,0.00001,1.723
30,15,45,60,8,0.00001,1.706
30,15,45,60,12,0.00001,1.690
30,15,45,60,16,0.00001,1.672
30,15,45,60,20,0.00001,1.644
30,15,45,60,24,0.00001,1.617
30,20,45,10,0,0.00001,2.003
30,20,45,10,1,0.00001,2.002
30,20,45,10,2,0.00001,2.002
30,20,45,10,3,0.00001,2.001
30,20,45,10,4,0.00001,2.000
30,20,45,10,8,0.00001,1.996
30,20,45,10,12,0.00001,1.992
30,20,45,10,16,0.00001,1.985
30,20,45,10,20,0.00001,1.977
30,20,45,10,24,0.00001,1.971
30,20,45,30,0,0.00001,2.003
30,20,45,30,1,0.00001,2.001
30,20,45,30,2,0.00001,2.000
30,20,45,30,3,0.00001,1.998
30,20,45,30,4,0.00001,1.996
30,20,45,30,8,0.00001,1.983
30,20,45,30,12,0.00001,1.968
30,20,45,30,16,0.00001,1.952
30,20,45,30,20,0.00001,1.934
30,20,45,30,24,0.00001,1.913
30,20,45,60,0,0.00001,2.003
30,20,45,60,1,0.00001,2.001
30,20,45,60,2,0.00001,1.998
30,20,45,60,3,0.00001,1.995
30,20,45,60,4,0.00001,1.991
30,20,45,60,8,0.00001,1.977
30,20,45,60,12,0.00001,1.960
30,20,45,60,16,0.00001,1.944
30,20,45,60,20,0.00001,1.922
30,20,45,60,24,0.00001,1.901
15,0,60,10,0,0.00001,0.364
15,0,60,10,1,0.00001,0.361
15,0,60,10,2,0.00001,0.347
15,0,60,10,3,0.00001,0.345
15,0,60,10,4,0.00001,0.343
15,0,60,10,8,0.00001,0.250
15,0,60,10,12,0.00001,0.212
15,0,60,10,16,0.00001,0.193
15,0,60,10,20,0.00001,0.182
15,0,60,10,24,0.00001,0.174
15,0,60,30,0,0.00001,0.364
15,0,60,30,1,0.00001,0.345
15,0,60,30,2,0.00001,0.269
15,0,60,30,3,0.00001,0.210
15,0,60,30,4,0.00001,0.158
15,0,60,30,8,0.00001,0.117
15,0,60,30,12,0.00001,0.147
15,0,60,30,16,0.00001,0.121
15,0,60,30,20,0.00001,0.134
15,0,60,30,24,0.00001,0.131
15,0,60,60,0,0.00001,0.364
15,0,60,60,1,0.00001,0.330
15,0,60,60,2,0.00001,0.153
15,0,60,60,3,0.00001,0.134
15,0,60,60,4,0.00001,0.127
15,0,60,60,8,0.00001,0.112
15,0,60,60,12,0.00001,0.126
15,0,60,60,16,0.00001,0.118
15,0,60,60,20,0.00001,0.130
15,0,60,60,24,0.00001,0.135
15,5,60,10,0,0.00001,0.637
15,5,60,10,1,0.00001,0.635
15,5,60,10,2,0.00001,0.633
15,5,60,10,3,0.00001,0.631
15,5,60,10,4,0.00001,0.631
15,5,60,10,8,0.00001,0.628
15,5,60,10,12,0.00001,0.625
15,5,60,10,16,0.00001,0.622
15,5,60,10,20,0.00001,0.611
15,5,60,10,24,0.00001,0.607
15,5,60,30,0,0.00001,0.637
15,5,60,30,1,0.00001,0.632
15,5,60,30,2,0.00001,0.630
15,5,60,30,3,0.00001,0.628
15,5,60,30,4,0.00001,0.626
15,5,60,30,8,0.00001,0.620
15,5,60,30,12,0.00001,0.615
15,5,60,30,16,0.00001,0.609
15,5,60,30,20,0.00001,0.594
15,5,60,30,24,0.00001,0.586
15,5,60,60,0,0.00001,0.637
15,5,60,60,1,0.00001,0.630
15,5,60,60,2,0.00001,0.627
15,5,60,60,3,0.00001,0.624
15,5,60,60,4,0.00001,0.623
15,5,60,60,8,0.00001,0.618
15,5,60,60,12,0.00001,0.612
15,5,60,60,16,0.00001,0.598
15,5,60,60,20,0.00001,0.591
15,5,60,60,24,0.00001,0.541
15,10,60,10,0,0.00001,0.914
15,10,60,10,1,0.00001,0.913
15,10,60,10,2,0.00001,0.911
15,10,60,10,3,0.00001,0.911
15,10,60,10,4,0.00001,0.910
15,10,60,10,8,0.00001,0.907
15,10,60,10,12,0.00001,0.905
15,10,60,10,16,0.00001,0.902
15,10,60,10,20,0.00001,0.899
15,10,60,10,24,0.00001,0.897
15,10,60,30,0,0.00001,0.914
15,10,60,30,1,0.00001,0.911
15,10,60,30,2,0.00001,0.909
15,10,60,30,3,0.00001,0.907
15,10,60,30,4,0.00001,0.906
15,10,60,30,8,0.00001,0.901
15,10,60,30,12,0.00001,0.896
15,10,60,30,16,0.00001,0.891
15,10,60,30,20,0.00001,0.886
15,10,60,30,24,0.00001,0.822
15,10,60,60,0,0.00001,0.914
15,10,60,60,1,0.00001,0.909
15,10,60,60,2,0.00001,0.907
15,10,60,60,3,0.00001,0.905
15,10,60,60,4,0.00001,0.881
15,10,60,60,8,0.00001,0.899
15,10,60,60,12,0.00001,0.894
15,10,60,60,16,0.00001,0.889
15,10,60,60,20,0.00001,0.824
15,10,60,60,24,0.00001,0.818
15,15,60,10,0,0.00001,1.175
15,15,60,10,1,0.00001,1.174
15,15,60,10,2,0.00001,1.092
15,15,60,10,3,0.00001,1.172
15,15,60,10,4,0.00001,1.172
15,15,60,10,8,0.00001,1.115
15,15,60,10,12,0.00001,1.112
15,15,60,10,16,0.00001,1.110
15,15,60,10,20,0.00001,1.107
15,15,60,10,24,0.00001,1.105
15,15,60,30,0,0.00001,1.175
15,15,60,30,1,0.00001,1.173
15,15,60,30,2,0.00001,1.116
15,15,60,30,3,0.00001,1.115
15,15,60,30,4,0.00001,1.113
15,15,60,30,8,0.00001,1.108
15,15,60,30,12,0.00001,1.103
15,15,60,30,16,0.00001,1.100
15,15,60,30,20,0.00001,1.094
15,15,60,30,24,0.00001,1.087
15,15,60,60,0,0.00001,1.175
15,15,60,60,1,0.00001,1.117
15,15,60,60,2,0.00001,1.114
15,15,60,60,3,0.00001,1.112
15,15,60,60,4,0.00001,1.111
15,15,60,60,8,0.00001,1.106
15,15,60,60,12,0.00001,1.101
15,15,60,60,16,0.00001,1.097
15,15,60,60,20,0.00001,1.090
15,15,60,60,24,0.00001,1.071
15,20,60,10,0,0.00001,1.383
15,20,60,10,1,0.00001,1.383
15,20,60,10,2,0.00001,1.382
15,20,60,10,3,0.00001,1.381
15,20,60,10,4,0.00001,1.380
15,20,60,10,8,0.00001,1.379
15,20,60,10,12,0.00001,1.377
15,20,60,10,16,0.00001,1.374
15,20,60,10,20,0.00001,1.372
15,20,60,10,24,0.00001,1.370
15,20,60,30,0,0.00001,1.383
15,20,60,30,1,0.00001,1.381
15,20,60,30,2,0.00001,1.380
15,20,60,30,3,0.00001,1.379
15,20,60,30,4,0.00001,1.378
15,20,60,30,8,0.00001,1.374
15,20,60,30,12,0.00001,1.370
15,20,60,30,16,0.00001,1.367
15,20,60,30,20,0.00001,1.363
15,20,60,30,24,0.00001,1.357
15,20,60,60,0,0.00001,1.383
15,20,60,60,1,0.00001,1.380
15,20,60,60,2,0.00001,1.378
15,20,60,60,3,0.00001,1.377
15,20,60,60,4,0.00001,1.376
15,20,60,60,8,0.00001,1.372
15,20,60,60,12,0.00001,1.368
15,20,60,60,16,0.00001,1.364
15,20,60,60,20,0.00001,1.359
15,20,60,60,24,0.00001,1.355
20,0,60,10,0,0.00001,0.492
20,0,60,10,1,0.00001,0.489
20,0,60,10,2,0.00001,0.469
20,0,60,10,3,0.00001,0.466
20,0,60,10,4,0.00001,0.464
20,0,60,10,8,0.00001,0.460
20,0,60,10,12,0.00001,0.285
20,0,60,10,16,0.00001,0.259
20,0,60,10,20,0.00001,0.245
20,0,60,10,24,0.00001,0.234
20,0,60,30,0,0.00001,0.492
20,0,60,30,1,0.00001,0.466
20,0,60,30,2,0.00001,0.462
20,0,60,30,3,0.00001,0.373
20,0,60,30,4,0.00001,0.213
20,0,60,30,8,0.00001,0.158
20,0,60,30,12,0.00001,0.142
20,0,60,30,16,0.00001,0.164
20,0,60,30,20,0.00001,0.154
20,0,60,30,24,0.00001,0.145
20,0,60,60,0,0.00001,0.492
20,0,60,60,1,0.00001,0.463
20,0,60,60,2,0.00001,0.207
20,0,60,60,3,0.00001,0.181
20,0,60,60,4,0.00001,0.172
20,0,60,60,8,0.00001,0.150
20,0,60,60,12,0.00001,0.171
20,0,60,60,16,0.00001,0.159
20,0,60,60,20,0.00001,0.150
20,0,60,60,24,0.00001,0.143
20,5,60,10,0,0.00001,0.786
20,5,60,10,1,0.00001,0.783
20,5,60,10,2,0.00001,0.781
20,5,60,10,3,0.00001,0.779
20,5,60,10,4,0.00001,0.778
20,5,60,10,8,0.00001,0.760
20,5,60,10,12,0.00001,0.756
20,5,60,10,16,0.00001,0.751
20,5,60,10,20,0.00001,0.711
20,5,60,10,24,0.00001,0.691
20,5,60,30,0,0.00001,0.786
20,5,60,30,1,0.00001,0.780
20,5,60,30,2,0.00001,0.777
20,5,60,30,3,0.00001,0.760
20,5,60,30,4,0.00001,0.757
20,5,60,30,8,0.00001,0.748
20,5,60,30,12,0.00001,0.740
20,5,60,30,16,0.00001,0.695
20,5,60,30,20,0.00001,0.672
20,5,60,30,24,0.00001,0.658
20,5,60,60,0,0.00001,0.786
20,5,60,60,1,0.00001,0.777
20,5,60,60,2,0.00001,0.758
20,5,60,60,3,0.00001,0.755
20,5,60,60,4,0.00001,0.752
20,5,60,60,8,0.00001,0.745
20,5,60,60,12,0.00001,0.736
20,5,60,60,16,0.00001,0.676
20,5,60,60,20,0.00001,0.667
20,5,60,60,24,0.00001,0.649
20,10,60,10,0,0.00001,1.013
20,10,60,10,1,0.00001,1.012
20,10,60,10,2,0.00001,1.010
20,10,60,10,3,0.00001,1.010
20,10,60,10,4,0.00001,1.008
20,10,60,10,8,0.00001,1.005
20,10,60,10,12,0.00001,1.003
20,10,60,10,16,0.00001,0.999
20,10,60,10,20,0.00001,0.977
20,10,60,10,24,0.00001,0.974
20,10,60,30,0,0.00001,1.013
20,10,60,30,1,0.00001,1.010
20,10,60,30,2,0.00001,1.008
20,10,60,30,3,0.00001,1.007
20,10,60,30,4,0.00001,1.004
20,10,60,30,8,0.00001,0.997
20,10,60,30,12,0.00001,0.992
20,10,60,30,16,0.00001,0.964
20,10,60,30,20,0.00001,0.958
20,10,60,30,24,0.00001,0.948
20,10,60,60,0,0.00001,1.013
20,10,60,60,1,0.00001,1.008
20,10,60,60,2,0.00001,1.005
20,10,60,60,3,0.00001,1.003
20,10,60,60,4,0.00001,1.001
20,10,60,60,8,0.00001,0.995
20,10,60,60,12,0.00001,0.968
20,10,60,60,16,0.00001,0.962
20,10,60,60,20,0.00001,0.953
20,10,60,60,24,0.00001,0.942
20,15,60,10,0,0.00001,1.300
20,15,60,10,1,0.00001,1.298
20,15,60,10,2,0.00001,1.296
20,15,60,10,3,0.00001,1.295
20,15,60,10,4,0.00001,1.294
20,15,60,10,8,0.00001,1.291
20,15,60,10,12,0.00001,1.288
20,15,60,10,16,0.00001,1.284
20,15,60,10,20,0.00001,1.280
20,15,60,10,24,0.00001,1.277
20,15,60,30,0,0.00001,1.300
20,15,60,30,1,0.00001,1.296
20,15,60,30,2,0.00001,1.293
20,15,60,30,3,0.00001,1.291
20,15,60,30,4,0.00001,1.289
20,15,60,30,8,0.00001,1.282
20,15,60,30,12,0.00001,1.275
20,15,60,30,16,0.00001,1.269
20,15,60,30,20,0.00001,1.262
20,15,60,30,24,0.00001,1.254
20,15,60,60,0,0.00001,1.300
20,15,60,60,1,0.00001,1.294
20,15,60,60,2,0.00001,1.289
20,15,60,60,3,0.00001,1.287
20,15,60,60,4,0.00001,1.285
20,15,60,60,8,0.00001,1.279
20,15,60,60,12,0.00001,1.273
20,15,60,60,16,0.00001,1.266
20,15,60,60,20,0.00001,1.257
20,15,60,60,24,0.00001,1.249
20,20,60,10,0,0.00001,1.580
20,20,60,10,1,0.00001,1.579
20,20,60,10,2,0.00001,1.515
20,20,60,10,3,0.00001,1.502
20,20,60,10,4,0.00001,1.501
20,20,60,10,8,0.00001,1.498
20,20,60,10,12,0.00001,1.495
20,20,60,10,16,0.00001,1.491
20,20,60,10,20,0.00001,1.487
20,20,60,10,24,0.00001,1.484
20,20,60,30,0,0.00001,1.580
20,20,60,30,1,0.00001,1.502
20,20,60,30,2,0.00001,1.500
20,20,60,30,3,0.00001,1.498
20,20,60,30,4,0.00001,1.496
20,20,60,30,8,0.00001,1.489
20,20,60,30,12,0.00001,1.483
20,20,60,30,16,0.00001,1.477
20,20,60,30,20,0.00001,1.470
20,20,60,30,24,0.00001,1.462
20,20,60,60,0,0.00001,1.580
20,20,60,60,1,0.00001,1.500
20,20,60,60,2,0.00001,1.497
20,20,60,60,3,0.00001,1.495
20,20,60,60,4,0.00001,1.493
20,20,60,60,8,0.00001,1.486
20,20,60,60,12,0.00001,1.481
20,20,60,60,16,0.00001,1.473
20,20,60,60,20,0.00001,1.466
20,20,60,60,24,0.00001,1.457
25,0,60,10,0,0.00001,0.629
25,0,60,10,1,0.00001,0.624
25,0,60,10,2,0.00001,0.599
25,0,60,10,3,0.00001,0.595
25,0,60,10,4,0.00001,0.593
25,0,60,10,8,0.00001,0.549
25,0,60,10,12,0.00001,0.424
25,0,60,10,16,0.00001,0.330
25,0,60,10,20,0.00001,0.312
25,0,60,10,24,0.00001,0.299
25,0,60,30,0,0.00001,0.629
25,0,60,30,1,0.00001,0.595
25,0,60,30,2,0.00001,0.591
25,0,60,30,3,0.00001,0.474
25,0,60,30,4,0.00001,0.271
25,0,60,30,8,0.00001,0.201
25,0,60,30,12,0.00001,0.181
25,0,60,30,16,0.00001,0.210
25,0,60,30,20,0.00001,0.196
25,0,60,30,24,0.00001,0.187
25,0,60,60,0,0.00001,0.629
25,0,60,60,1,0.00001,0.591
25,0,60,60,2,0.00001,0.297
25,0,60,60,3,0.00001,0.231
25,0,60,60,4,0.00001,0.218
25,0,60,60,8,0.00001,0.191
25,0,60,60,12,0.00001,0.172
25,0,60,60,16,0.00001,0.203
25,0,60,60,20,0.00001,0.192
25,0,60,60,24,0.00001,0.183
25,5,60,10,0,0.00001,0.942
25,5,60,10,1,0.00001,0.939
25,5,60,10,2,0.00001,0.937
25,5,60,10,3,0.00001,0.915
25,5,60,10,4,0.00001,0.914
25,5,60,10,8,0.00001,0.908
25,5,60,10,12,0.00001,0.835
25,5,60,10,16,0.00001,0.831
25,5,60,10,20,0.00001,0.825
25,5,60,10,24,0.00001,0.820
25,5,60,30,0,0.00001,0.942
25,5,60,30,1,0.00001,0.915
25,5,60,30,2,0.00001,0.911
25,5,60,30,3,0.00001,0.860
25,5,60,30,4,0.00001,0.836
25,5,60,30,8,0.00001,0.825
25,5,60,30,12,0.00001,0.816
25,5,60,30,16,0.00001,0.806
25,5,60,30,20,0.00001,0.791
25,5,60,30,24,0.00001,0.770
25,5,60,60,0,0.00001,0.942
25,5,60,60,1,0.00001,0.912
25,5,60,60,2,0.00001,0.838
25,5,60,60,3,0.00001,0.834
25,5,60,60,4,0.00001,0.830
25,5,60,60,8,0.00001,0.821
25,5,60,60,12,0.00001,0.812
25,5,60,60,16,0.00001,0.802
25,5,60,60,20,0.00001,0.782
25,5,60,60,24,0.00001,0.723
25,10,60,10,0,0.00001,1.185
25,10,60,10,1,0.00001,1.158
25,10,60,10,2,0.00001,1.155
25,10,60,10,3,0.00001,1.153
25,10,60,10,4,0.00001,1.151
25,10,60,10,8,0.00001,1.146
25,10,60,10,12,0.00001,1.141
25,10,60,10,16,0.00001,1.136
25,10,60,10,20,0.00001,1.131
25,10,60,10,24,0.00001,1.126
25,10,60,30,0,0.00001,1.185
25,10,60,30,1,0.00001,1.154
25,10,60,30,2,0.00001,1.149
25,10,60,30,3,0.00001,1.146
25,10,60,30,4,0.00001,1.142
25,10,60,30,8,0.00001,1.133
25,10,60,30,12,0.00001,1.123
25,10,60,30,16,0.00001,1.114
25,10,60,30,20,0.00001,1.105
25,10,60,30,24,0.00001,1.079
25,10,60,60,0,0.00001,1.185
25,10,60,60,1,0.00001,1.151
25,10,60,60,2,0.00001,1.145
25,10,60,60,3,0.00001,1.141
25,10,60,60,4,0.00001,1.137
25,10,60,60,8,0.00001,1.129
25,10,60,60,12,0.00001,1.119
25,10,60,60,16,0.00001,1.110
25,10,60,60,20,0.00001,1.099
25,10,60,60,24,0.00001,1.068
25,15,60,10,0,0.00001,1.489
25,15,60,10,1,0.00001,1.487
25,15,60,10,2,0.00001,1.485
25,15,60,10,3,0.00001,1.483
25,15,60,10,4,0.00001,1.481
25,15,60,10,8,0.00001,1.477
25,15,60,10,12,0.00001,1.371
25,15,60,10,16,0.00001,1.367
25,15,60,10,20,0.00001,1.363
25,15,60,10,24,0.00001,1.359
25,15,60,30,0,0.00001,1.489
25,15,60,30,1,0.00001,1.483
25,15,60,30,2,0.00001,1.480
25,15,60,30,3,0.00001,1.375
25,15,60,30,4,0.00001,1.372
25,15,60,30,8,0.00001,1.364
25,15,60,30,12,0.00001,1.357
25,15,60,30,16,0.00001,1.350
25,15,60,30,20,0.00001,1.342
25,15,60,30,24,0.00001,1.332
25,15,60,60,0,0.00001,1.489
25,15,60,60,1,0.00001,1.481
25,15,60,60,2,0.00001,1.374
25,15,60,60,3,0.00001,1.371
25,15,60,60,4,0.00001,1.369
25,15,60,60,8,0.00001,1.361
25,15,60,60,12,0.00001,1.354
25,15,60,60,16,0.00001,1.445
25,15,60,60,20,0.00001,1.337
25,15,60,60,24,0.00001,1.301
25,20,60,10,0,0.00001,1.697
25,20,60,10,1,0.00001,1.694
25,20,60,10,2,0.00001,1.693
25,20,60,10,3,0.00001,1.691
25,20,60,10,4,0.00001,1.689
25,20,60,10,8,0.00001,1.686
25,20,60,10,12,0.00001,1.682
25,20,60,10,16,0.00001,1.677
25,20,60,10,20,0.00001,1.672
25,20,60,10,24,0.00001,1.668
25,20,60,30,0,0.00001,1.697
25,20,60,30,1,0.00001,1.691
25,20,60,30,2,0.00001,1.688
25,20,60,30,3,0.00001,1.686
25,20,60,30,4,0.00001,1.683
25,20,60,30,8,0.00001,1.674
25,20,60,30,12,0.00001,1.666
25,20,60,30,16,0.00001,1.658
25,20,60,30,20,0.00001,1.649
25,20,60,30,24,0.00001,1.639
25,20,60,60,0,0.00001,1.697
25,20,60,60,1,0.00001,1.689
25,20,60,60,2,0.00001,1.685
25,20,60,60,3,0.00001,1.682
25,20,60,60,4,0.00001,1.679
25,20,60,60,8,0.00001,1.670
25,20,60,60,12,0.00001,1.605
25,20,60,60,16,0.00001,1.654
25,20,60,60,20,0.00001,1.643
25,20,60,60,24,0.00001,1.633
30,0,60,10,0,0.00001,0.776
30,0,60,10,1,0.00001,0.744
30,0,60,10,2,0.00001,0.738
30,0,60,10,3,0.00001,0.734
30,0,60,10,4,0.00001,0.732
30,0,60,10,8,0.00001,0.725
30,0,60,10,12,0.00001,0.549
30,0,60,10,16,0.00001,0.406
30,0,60,10,20,0.00001,0.383
30,0,60,10,24,0.00001,0.367
30,0,60,30,0,0.00001,0.776
30,0,60,30,1,0.00001,0.734
30,0,60,30,2,0.00001,0.729
30,0,60,30,3,0.00001,0.626
30,0,60,30,4,0.00001,0.334
30,0,60,30,8,0.00001,0.249
30,0,60,30,12,0.00001,0.223
30,0,60,30,16,0.00001,0.260
30,0,60,30,20,0.00001,0.242
30,0,60,30,24,0.00001,0.230
30,0,60,60,0,0.00001,0.776
30,0,60,60,1,0.00001,0.730
30,0,60,60,2,0.00001,0.366
30,0,60,60,3,0.00001,0.285
30,0,60,60,4,0.00001,0.270
30,0,60,60,8,0.00001,0.236
30,0,60,60,12,0.00001,0.212
30,0,60,60,16,0.00001,0.252
30,0,60,60,20,0.00001,0.238
30,0,60,60,24,0.00001,0.226
30,5,60,10,0,0.00001,1.101
30,5,60,10,1,0.00001,1.037
30,5,60,10,2,0.00001,1.018
30,5,60,10,3,0.00001,0.992
30,5,60,10,4,0.00001,0.991
30,5,60,10,8,0.00001,0.985
30,5,60,10,12,0.00001,0.979
30,5,60,10,16,0.00001,0.973
30,5,60,10,20,0.00001,0.960
30,5,60,10,24,0.00001,0.952
30,5,60,30,0,0.00001,1.101
30,5,60,30,1,0.00001,0.993
30,5,60,30,2,0.00001,0.989
30,5,60,30,3,0.00001,0.985
30,5,60,30,4,0.00001,0.981
30,5,60,30,8,0.00001,0.966
30,5,60,30,12,0.00001,0.955
30,5,60,30,16,0.00001,0.934
30,5,60,30,20,0.00001,0.843
30,5,60,30,24,0.00001,0.818
30,5,60,60,0,0.00001,1.101
30,5,60,60,1,0.00001,0.991
30,5,60,60,2,0.00001,0.983
30,5,60,60,3,0.00001,0.978
30,5,60,60,4,0.00001,0.974
30,5,60,60,8,0.00001,0.962
30,5,60,60,12,0.00001,0.950
30,5,60,60,16,0.00001,0.918
30,5,60,60,20,0.00001,0.830
30,5,60,60,24,0.00001,0.809
30,10,60,10,0,0.00001,1.333
30,10,60,10,1,0.00001,1.330
30,10,60,10,2,0.00001,1.326
30,10,60,10,3,0.00001,1.323
30,10,60,10,4,0.00001,1.321
30,10,60,10,8,0.00001,1.315
30,10,60,10,12,0.00001,1.309
30,10,60,10,16,0.00001,1.302
30,10,60,10,20,0.00001,1.275
30,10,60,10,24,0.00001,1.268
30,10,60,30,0,0.00001,1.333
30,10,60,30,1,0.00001,1.324
30,10,60,30,2,0.00001,1.319
30,10,60,30,3,0.00001,1.315
30,10,60,30,4,0.00001,1.310
30,10,60,30,8,0.00001,1.298
30,10,60,30,12,0.00001,1.287
30,10,60,30,16,0.00001,1.254
30,10,60,30,20,0.00001,1.240
30,10,60,30,24,0.00001,1.138
30,10,60,60,0,0.00001,1.333
30,10,60,60,1,0.00001,1.320
30,10,60,60,2,0.00001,1.312
30,10,60,60,3,0.00001,1.308
30,10,60,60,4,0.00001,1.304
30,10,60,60,8,0.00001,1.293
30,10,60,60,12,0.00001,1.281
30,10,60,60,16,0.00001,1.247
30,10,60,60,20,0.00001,1.233
30,10,60,60,24,0.00001,1.129
30,15,60,10,0,0.00001,1.572
30,15,60,10,1,0.00001,1.569
30,15,60,10,2,0.00001,1.566
30,15,60,10,3,0.00001,1.565
30,15,60,10,4,0.00001,1.563
30,15,60,10,8,0.00001,1.558
30,15,60,10,12,0.00001,1.528
30,15,60,10,16,0.00001,1.518
30,15,60,10,20,0.00001,1.511
30,15,60,10,24,0.00001,1.505
30,15,60,30,0,0.00001,1.572
30,15,60,30,1,0.00001,1.566
30,15,60,30,2,0.00001,1.562
30,15,60,30,3,0.00001,1.559
30,15,60,30,4,0.00001,1.526
30,15,60,30,8,0.00001,1.513
30,15,60,30,12,0.00001,1.503
30,15,60,30,16,0.00001,1.491
30,15,60,30,20,0.00001,1.479
30,15,60,30,24,0.00001,1.465
30,15,60,60,0,0.00001,1.572
30,15,60,60,1,0.00001,1.563
30,15,60,60,2,0.00001,1.528
30,15,60,60,3,0.00001,1.524
30,15,60,60,4,0.00001,1.520
30,15,60,60,8,0.00001,1.508
30,15,60,60,12,0.00001,1.498
30,15,60,60,16,0.00001,1.486
30,15,60,60,20,0.00001,1.473
30,15,60,60,24,0.00001,1.456
30,20,60,10,0,0.00001,1.902
30,20,60,10,1,0.00001,1.899
30,20,60,10,2,0.00001,1.897
30,20,60,10,3,0.00001,1.894
30,20,60,10,4,0.00001,1.893
30,20,60,10,8,0.00001,1.887
30,20,60,10,12,0.00001,1.883
30,20,60,10,16,0.00001,1.876
30,20,60,10,20,0.00001,1.741
30,20,60,10,24,0.00001,1.738
30,20,60,30,0,0.00001,1.902
30,20,60,30,1,0.00001,1.895
30,20,60,30,2,0.00001,1.891
30,20,60,30,3,0.00001,1.888
30,20,60,30,4,0.00001,1.884
30,20,60,30,8,0.00001,1.873
30,20,60,30,12,0.00001,1.863
30,20,60,30,16,0.00001,1.727
30,20,60,30,20,0.00001,1.717
30,20,60,30,24,0.00001,1.706
30,20,60,60,0,0.00001,1.902
30,20,60,60,1,0.00001,1.892
30,20,60,60,2,0.00001,1.886
30,20,60,60,3,0.00001,1.882
30,20,60,60,4,0.00001,1.879
30,20,60,60,8,0.00001,1.869
30,20,60,60,12,0.00001,1.730
30,20,60,60,16,0.00001,1.722
30,20,60,60,20,0.00001,1.713
30,20,60,60,24,0.00001,1.700
15,0,75,10,0,0.00001,0.293
15,0,75,10,1,0.00001,0.287
15,0,75,10,2,0.00001,0.283
15,0,75,10,3,0.00001,0.28
15,0,75,10,4,0.00001,0.277
15,0,75,10,8,0.00001,0.27
15,0,75,10,12,0.00001,0.264
15,0,75,10,16,0.00001,0.224
15,0,75,10,20,0.00001,0.165
15,0,75,10,24,0.00001,0.156
15,0,75,30,0,0.00001,0.293
15,0,75,30,1,0.00001,0.279
15,0,75,30,2,0.00001,0.273
15,0,75,30,3,0.00001,0.269
15,0,75,30,4,0.00001,0.265
15,0,75,30,8,0.00001,0.136
15,0,75,30,12,0.00001,0.124
15,0,75,30,16,0.00001,0.121
15,0,75,30,20,0.00001,0.121
15,0,75,30,24,0.00001,0.121
15,0,75,60,0,0.00001,0.293
15,0,75,60,1,0.00001,0.273
15,0,75,60,2,0.00001,0.264
15,0,75,60,3,0.00001,0.148
15,0,75,60,4,0.00001,0.144
15,0,75,60,8,0.00001,0.13
15,0,75,60,12,0.00001,0.118
15,0,75,60,16,0.00001,0.118
15,0,75,60,20,0.00001,0.118
15,0,75,60,24,0.00001,0.118
15,5,75,10,0,0.00001,0.556
15,5,75,10,1,0.00001,0.553
15,5,75,10,2,0.00001,0.551
15,5,75,10,3,0.00001,0.549
15,5,75,10,4,0.00001,0.548
15,5,75,10,8,0.00001,0.544
15,5,75,10,12,0.00001,0.541
15,5,75,10,16,0.00001,0.538
15,5,75,10,20,0.00001,0.534
15,5,75,10,24,0.00001,0.53
15,5,75,30,0,0.00001,0.556
15,5,75,30,1,0.00001,0.549
15,5,75,30,2,0.00001,0.545
15,5,75,30,3,0.00001,0.543
15,5,75,30,4,0.00001,0.541
15,5,75,30,8,0.00001,0.537
15,5,75,30,12,0.00001,0.532
15,5,75,30,16,0.00001,0.528
15,5,75,30,20,0.00001,0.523
15,5,75,30,24,0.00001,0.519
15,5,75,60,0,0.00001,0.556
15,5,75,60,1,0.00001,0.545
15,5,75,60,2,0.00001,0.541
15,5,75,60,3,0.00001,0.54
15,5,75,60,4,0.00001,0.539
15,5,75,60,8,0.00001,0.535
15,5,75,60,12,0.00001,0.53
15,5,75,60,16,0.00001,0.525
15,5,75,60,20,0.00001,0.52
15,5,75,60,24,0.00001,0.514
15,10,75,10,0,0.00001,0.777
15,10,75,10,1,0.00001,0.774
15,10,75,10,2,0.00001,0.771
15,10,75,10,3,0.00001,0.77
15,10,75,10,4,0.00001,0.768
15,10,75,10,8,0.00001,0.728
15,10,75,10,12,0.00001,0.725
15,10,75,10,16,0.00001,0.723
15,10,75,10,20,0.00001,0.72
15,10,75,10,24,0.00001,0.717
15,10,75,30,0,0.00001,0.777
15,10,75,30,1,0.00001,0.77
15,10,75,30,2,0.00001,0.766
15,10,75,30,3,0.00001,0.763
15,10,75,30,4,0.00001,0.761
15,10,75,30,8,0.00001,0.757
15,10,75,30,12,0.00001,0.719
15,10,75,30,16,0.00001,0.715
15,10,75,30,20,0.00001,0.715
15,10,75,30,24,0.00001,0.715
15,10,75,60,0,0.00001,0.777
15,10,75,60,1,0.00001,0.766
15,10,75,60,2,0.00001,0.726
15,10,75,60,3,0.00001,0.725
15,10,75,60,4,0.00001,0.724
15,10,75,60,8,0.00001,0.721
15,10,75,60,12,0.00001,0.717
15,10,75,60,16,0.00001,0.713
15,10,75,60,20,0.00001,0.713
15,10,75,60,24,0.00001,0.713
15,15,75,10,0,0.00001,0.994
15,15,75,10,1,0.00001,0.985
15,15,75,10,2,0.00001,0.984
15,15,75,10,3,0.00001,0.982
15,15,75,10,4,0.00001,0.981
15,15,75,10,8,0.00001,0.979
15,15,75,10,12,0.00001,0.976
15,15,75,10,16,0.00001,0.973
15,15,75,10,20,0.00001,0.971
15,15,75,10,24,0.00001,0.918
15,15,75,30,0,0.00001,0.994
15,15,75,30,1,0.00001,0.982
15,15,75,30,2,0.00001,0.979
15,15,75,30,3,0.00001,0.978
15,15,75,30,4,0.00001,0.977
15,15,75,30,8,0.00001,0.973
15,15,75,30,12,0.00001,0.973
15,15,75,30,16,0.00001,0.917
15,15,75,30,20,0.00001,0.917
15,15,75,30,24,0.00001,0.917
15,15,75,60,0,0.00001,0.994
15,15,75,60,1,0.00001,0.979
15,15,75,60,2,0.00001,0.976
15,15,75,60,3,0.00001,0.976
15,15,75,60,4,0.00001,0.975
15,15,75,60,8,0.00001,0.972
15,15,75,60,12,0.00001,0.968
15,15,75,60,16,0.00001,0.964
15,15,75,60,20,0.00001,0.96
15,15,75,60,24,0.00001,0.959
15,20,75,10,0,0.00001,1.179
15,20,75,10,1,0.00001,1.177
15,20,75,10,2,0.00001,1.175
15,20,75,10,3,0.00001,1.174
15,20,75,10,4,0.00001,1.173
15,20,75,10,8,0.00001,1.17
15,20,75,10,12,0.00001,1.168
15,20,75,10,16,0.00001,1.165
15,20,75,10,20,0.00001,1.163
15,20,75,10,24,0.00001,1.159
15,20,75,30,0,0.00001,1.179
15,20,75,30,1,0.00001,1.174
15,20,75,30,2,0.00001,1.171
15,20,75,30,3,0.00001,1.17
15,20,75,30,4,0.00001,1.168
15,20,75,30,8,0.00001,1.165
15,20,75,30,12,0.00001,1.123
15,20,75,30,16,0.00001,1.123
15,20,75,30,20,0.00001,1.123
15,20,75,30,24,0.00001,1.123
15,20,75,60,0,0.00001,1.179
15,20,75,60,1,0.00001,1.171
15,20,75,60,2,0.00001,1.168
15,20,75,60,3,0.00001,1.167
15,20,75,60,4,0.00001,1.166
15,20,75,60,8,0.00001,1.125
15,20,75,60,12,0.00001,1.125
15,20,75,60,16,0.00001,1.125
15,20,75,60,20,0.00001,1.125
15,20,75,60,24,0.00001,1.125
20,0,75,10,0,0.00001,0.395
20,0,75,10,1,0.00001,0.388
20,0,75,10,2,0.00001,0.382
20,0,75,10,3,0.00001,0.378
20,0,75,10,4,0.00001,0.375
20,0,75,10,8,0.00001,0.365
20,0,75,10,12,0.00001,0.356
20,0,75,10,16,0.00001,0.308
20,0,75,10,20,0.00001,0.223
20,0,75,10,24,0.00001,0.221
20,0,75,30,0,0.00001,0.395
20,0,75,30,1,0.00001,0.378
20,0,75,30,2,0.00001,0.369
20,0,75,30,3,0.00001,0.363
20,0,75,30,4,0.00001,0.357
20,0,75,30,8,0.00001,0.182
20,0,75,30,12,0.00001,0.164
20,0,75,30,16,0.00001,0.156
20,0,75,30,20,0.00001,0.156
20,0,75,30,24,0.00001,0.156
20,0,75,60,0,0.00001,0.395
20,0,75,60,1,0.00001,0.368
20,0,75,60,2,0.00001,0.357
20,0,75,60,3,0.00001,0.114
20,0,75,60,4,0.00001,0.111
20,0,75,60,8,0.00001,0.173
20,0,75,60,12,0.00001,0.158
20,0,75,60,16,0.00001,0.175
20,0,75,60,20,0.00001,0.175
20,0,75,60,24,0.00001,0.175
20,5,75,10,0,0.00001,0.675
20,5,75,10,1,0.00001,0.671
20,5,75,10,2,0.00001,0.668
20,5,75,10,3,0.00001,0.665
20,5,75,10,4,0.00001,0.663
20,5,75,10,8,0.00001,0.659
20,5,75,10,12,0.00001,0.654
20,5,75,10,16,0.00001,0.65
20,5,75,10,20,0.00001,0.645
20,5,75,10,24,0.00001,0.639
20,5,75,30,0,0.00001,0.675
20,5,75,30,1,0.00001,0.665
20,5,75,30,2,0.00001,0.66
20,5,75,30,3,0.00001,0.657
20,5,75,30,4,0.00001,0.655
20,5,75,30,8,0.00001,0.649
20,5,75,30,12,0.00001,0.643
20,5,75,30,16,0.00001,0.637
20,5,75,30,20,0.00001,0.63
20,5,75,30,24,0.00001,0.604
20,5,75,60,0,0.00001,0.675
20,5,75,60,1,0.00001,0.66
20,5,75,60,2,0.00001,0.655
20,5,75,60,3,0.00001,0.653
20,5,75,60,4,0.00001,0.652
20,5,75,60,8,0.00001,0.646
20,5,75,60,12,0.00001,0.64
20,5,75,60,16,0.00001,0.634
20,5,75,60,20,0.00001,0.626
20,5,75,60,24,0.00001,0.618
20,10,75,10,0,0.00001,0.896
20,10,75,10,1,0.00001,0.892
20,10,75,10,2,0.00001,0.889
20,10,75,10,3,0.00001,0.886
20,10,75,10,4,0.00001,0.884
20,10,75,10,8,0.00001,0.879
20,10,75,10,12,0.00001,0.874
20,10,75,10,16,0.00001,0.87
20,10,75,10,20,0.00001,0.865
20,10,75,10,24,0.00001,0.86
20,10,75,30,0,0.00001,0.896
20,10,75,30,1,0.00001,0.886
20,10,75,30,2,0.00001,0.881
20,10,75,30,3,0.00001,0.875
20,10,75,30,4,0.00001,0.874
20,10,75,30,8,0.00001,0.869
20,10,75,30,12,0.00001,0.863
20,10,75,30,16,0.00001,0.857
20,10,75,30,20,0.00001,0.85
20,10,75,30,24,0.00001,0.843
20,10,75,60,0,0.00001,0.896
20,10,75,60,1,0.00001,0.881
20,10,75,60,2,0.00001,0.875
20,10,75,60,3,0.00001,0.874
20,10,75,60,4,0.00001,0.872
20,10,75,60,8,0.00001,0.866
20,10,75,60,12,0.00001,0.861
20,10,75,60,16,0.00001,0.854
20,10,75,60,20,0.00001,0.847
20,10,75,60,24,0.00001,0.838
20,15,75,10,0,0.00001,1.134
20,15,75,10,1,0.00001,1.132
20,15,75,10,2,0.00001,1.13
20,15,75,10,3,0.00001,1.128
20,15,75,10,4,0.00001,1.127
20,15,75,10,8,0.00001,1.045
20,15,75,10,12,0.00001,1.041
20,15,75,10,16,0.00001,1.038
20,15,75,10,20,0.00001,1.034
20,15,75,10,24,0.00001,1.031
20,15,75,30,0,0.00001,1.132
20,15,75,30,1,0.00001,1.128
20,15,75,30,2,0.00001,1.046
20,15,75,30,3,0.00001,1.044
20,15,75,30,4,0.00001,1.042
20,15,75,30,8,0.00001,1.037
20,15,75,30,12,0.00001,1.033
20,15,75,30,16,0.00001,1.028
20,15,75,30,20,0.00001,1.022
20,15,75,30,24,0.00001,1.022
20,15,75,60,0,0.00001,1.134
20,15,75,60,1,0.00001,1.046
20,15,75,60,2,0.00001,1.042
20,15,75,60,3,0.00001,1.041
20,15,75,60,4,0.00001,1.04
20,15,75,60,8,0.00001,1.037
20,15,75,60,12,0.00001,1.029
20,15,75,60,16,0.00001,1.027
20,15,75,60,20,0.00001,1.027
20,15,75,60,24,0.00001,1.027
20,20,75,10,0,0.00001,1.325
20,20,75,10,1,0.00001,1.323
20,20,75,10,2,0.00001,1.321
20,20,75,10,3,0.00001,1.319
20,20,75,10,4,0.00001,1.326
20,20,75,10,8,0.00001,1.312
20,20,75,10,12,0.00001,1.309
20,20,75,10,16,0.00001,1.307
20,20,75,10,20,0.00001,1.304
20,20,75,10,24,0.00001,1.3
20,20,75,30,0,0.00001,1.325
20,20,75,30,1,0.00001,1.319
20,20,75,30,2,0.00001,1.315
20,20,75,30,3,0.00001,1.313
20,20,75,30,4,0.00001,1.311
20,20,75,30,8,0.00001,1.307
20,20,75,30,12,0.00001,1.302
20,20,75,30,16,0.00001,1.296
20,20,75,30,20,0.00001,1.292
20,20,75,30,24,0.00001,1.286
20,20,75,60,0,0.00001,1.325
20,20,75,60,1,0.00001,1.32
20,20,75,60,2,0.00001,1.312
20,20,75,60,3,0.00001,1.31
20,20,75,60,4,0.00001,1.309
20,20,75,60,8,0.00001,1.305
20,20,75,60,12,0.00001,1.3
20,20,75,60,16,0.00001,1.294
20,20,75,60,20,0.00001,1.289
20,20,75,60,24,0.00001,1.288
25,0,75,10,0,0.00001,0.58
25,0,75,10,1,0.00001,0.527
25,0,75,10,2,0.00001,0.483
25,0,75,10,3,0.00001,0.478
25,0,75,10,4,0.00001,0.474
25,0,75,10,8,0.00001,0.462
25,0,75,10,12,0.00001,0.448
25,0,75,10,16,0.00001,0.389
25,0,75,10,20,0.00001,0.28
25,0,75,10,24,0.00001,0.266
25,0,75,30,0,0.00001,0.58
25,0,75,30,1,0.00001,0.478
25,0,75,30,2,0.00001,0.467
25,0,75,30,3,0.00001,0.46
25,0,75,30,4,0.00001,0.453
25,0,75,30,8,0.00001,0.131
25,0,75,30,12,0.00001,0.206
25,0,75,30,16,0.00001,0.197
25,0,75,30,20,0.00001,0.353
25,0,75,30,24,0.00001,0.324
25,0,75,60,0,0.00001,0.58
25,0,75,60,1,0.00001,0.466
25,0,75,60,2,0.00001,0.451
25,0,75,60,3,0.00001,0.144
25,0,75,60,4,0.00001,0.139
25,0,75,60,8,0.00001,0.125
25,0,75,60,12,0.00001,0.199
25,0,75,60,16,0.00001,0.221
25,0,75,60,20,0.00001,0.221
25,0,75,60,24,0.00001,0.221
25,5,75,10,0,0.00001,0.799
25,5,75,10,1,0.00001,0.793
25,5,75,10,2,0.00001,0.79
25,5,75,10,3,0.00001,0.787
25,5,75,10,4,0.00001,0.785
25,5,75,10,8,0.00001,0.778
25,5,75,10,12,0.00001,0.773
25,5,75,10,16,0.00001,0.768
25,5,75,10,20,0.00001,0.761
25,5,75,10,24,0.00001,0.755
25,5,75,30,0,0.00001,0.799
25,5,75,30,1,0.00001,0.787
25,5,75,30,2,0.00001,0.78
25,5,75,30,3,0.00001,0.777
25,5,75,30,4,0.00001,0.774
25,5,75,30,8,0.00001,0.766
25,5,75,30,12,0.00001,0.759
25,5,75,30,16,0.00001,0.728
25,5,75,30,20,0.00001,0.702
25,5,75,30,24,0.00001,0.671
25,5,75,60,0,0.00001,0.799
25,5,75,60,1,0.00001,0.78
25,5,75,60,2,0.00001,0.774
25,5,75,60,3,0.00001,0.772
25,5,75,60,4,0.00001,0.77
25,5,75,60,8,0.00001,0.763
25,5,75,60,12,0.00001,0.732
25,5,75,60,16,0.00001,0.715
25,5,75,60,20,0.00001,0.683
25,5,75,60,24,0.00001,0.658
25,10,75,10,0,0.00001,1.019
25,10,75,10,1,0.00001,1.014
25,10,75,10,2,0.00001,1.01
25,10,75,10,3,0.00001,1.007
25,10,75,10,4,0.00001,1.005
25,10,75,10,8,0.00001,0.999
25,10,75,10,12,0.00001,0.993
25,10,75,10,16,0.00001,0.998
25,10,75,10,20,0.00001,0.981
25,10,75,10,24,0.00001,0.94
25,10,75,30,0,0.00001,1.019
25,10,75,30,1,0.00001,1.007
25,10,75,30,2,0.00001,1.001
25,10,75,30,3,0.00001,0.997
25,10,75,30,4,0.00001,0.994
25,10,75,30,8,0.00001,0.986
25,10,75,30,12,0.00001,0.979
25,10,75,30,16,0.00001,0.971
25,10,75,30,20,0.00001,0.962
25,10,75,30,24,0.00001,0.953
25,10,75,60,0,0.00001,1.019
25,10,75,60,1,0.00001,1
25,10,75,60,2,0.00001,0.994
25,10,75,60,3,0.00001,0.992
25,10,75,60,4,0.00001,0.99
25,10,75,60,8,0.00001,0.983
25,10,75,60,12,0.00001,0.975
25,10,75,60,16,0.00001,0.967
25,10,75,60,20,0.00001,0.958
25,10,75,60,24,0.00001,0.948
25,15,75,10,0,0.00001,1.24
25,15,75,10,1,0.00001,1.286
25,15,75,10,2,0.00001,1.231
25,15,75,10,3,0.00001,1.228
25,15,75,10,4,0.00001,1.226
25,15,75,10,8,0.00001,1.22
25,15,75,10,12,0.00001,1.213
25,15,75,10,16,0.00001,1.208
25,15,75,10,20,0.00001,1.153
25,15,75,10,24,0.00001,1.15
25,15,75,30,0,0.00001,1.24
25,15,75,30,1,0.00001,1.228
25,15,75,30,2,0.00001,1.221
25,15,75,30,3,0.00001,1.218
25,15,75,30,4,0.00001,1.214
25,15,75,30,8,0.00001,1.207
25,15,75,30,12,0.00001,1.199
25,15,75,30,16,0.00001,1.145
25,15,75,30,20,0.00001,1.183
25,15,75,30,24,0.00001,1.173
25,15,75,60,0,0.00001,1.24
25,15,75,60,1,0.00001,1.221
25,15,75,60,2,0.00001,1.214
25,15,75,60,3,0.00001,1.213
25,15,75,60,4,0.00001,1.21
25,15,75,60,8,0.00001,1.204
25,15,75,60,12,0.00001,1.196
25,15,75,60,16,0.00001,1.142
25,15,75,60,20,0.00001,1.134
25,15,75,60,24,0.00001,1.134
25,20,75,10,0,0.00001,1.461
25,20,75,10,1,0.00001,1.477
25,20,75,10,2,0.00001,1.475
25,20,75,10,3,0.00001,1.473
25,20,75,10,4,0.00001,1.471
25,20,75,10,8,0.00001,1.471
25,20,75,10,12,0.00001,1.463
25,20,75,10,16,0.00001,1.459
25,20,75,10,20,0.00001,1.457
25,20,75,10,24,0.00001,1.452
25,20,75,30,0,0.00001,1.461
25,20,75,30,1,0.00001,1.472
25,20,75,30,2,0.00001,1.473
25,20,75,30,3,0.00001,1.366
25,20,75,30,4,0.00001,1.364
25,20,75,30,8,0.00001,1.358
25,20,75,30,12,0.00001,1.451
25,20,75,30,16,0.00001,1.346
25,20,75,30,20,0.00001,1.438
25,20,75,30,24,0.00001,1.431
25,20,75,60,0,0.00001,1.461
25,20,75,60,1,0.00001,1.473
25,20,75,60,2,0.00001,1.364
25,20,75,60,3,0.00001,1.362
25,20,75,60,4,0.00001,1.46
25,20,75,60,8,0.00001,1.454
25,20,75,60,12,0.00001,1.449
25,20,75,60,16,0.00001,1.342
25,20,75,60,20,0.00001,1.435
25,20,75,60,24,0.00001,1.389
30,0,75,10,0,0.00001,0.714
30,0,75,10,1,0.00001,0.691
30,0,75,10,2,0.00001,0.674
30,0,75,10,3,0.00001,0.587
30,0,75,10,4,0.00001,0.582
30,0,75,10,8,0.00001,0.568
30,0,75,10,12,0.00001,0.548
30,0,75,10,16,0.00001,0.476
30,0,75,10,20,0.00001,0.349
30,0,75,10,24,0.00001,0.326
30,0,75,30,0,0.00001,0.714
30,0,75,30,1,0.00001,0.586
30,0,75,30,2,0.00001,0.573
30,0,75,30,3,0.00001,0.564
30,0,75,30,4,0.00001,0.556
30,0,75,30,8,0.00001,0.159
30,0,75,30,12,0.00001,0.145
30,0,75,30,16,0.00001,0.232
30,0,75,30,20,0.00001,0.435
30,0,75,30,24,0.00001,0.423
30,0,75,60,0,0.00001,0.714
30,0,75,60,1,0.00001,0.573
30,0,75,60,2,0.00001,0.551
30,0,75,60,3,0.00001,0.174
30,0,75,60,4,0.00001,0.168
30,0,75,60,8,0.00001,0.152
30,0,75,60,12,0.00001,0.239
30,0,75,60,16,0.00001,0.259
30,0,75,60,20,0.00001,0.259
30,0,75,60,24,0.00001,0.259
30,5,75,10,0,0.00001,0.933
30,5,75,10,1,0.00001,0.926
30,5,75,10,2,0.00001,0.922
30,5,75,10,3,0.00001,0.918
30,5,75,10,4,0.00001,0.916
30,5,75,10,8,0.00001,0.909
30,5,75,10,12,0.00001,0.902
30,5,75,10,16,0.00001,0.891
30,5,75,10,20,0.00001,0.863
30,5,75,10,24,0.00001,0.826
30,5,75,30,0,0.00001,0.933
30,5,75,30,1,0.00001,0.918
30,5,75,30,2,0.00001,0.91
30,5,75,30,3,0.00001,0.907
30,5,75,30,4,0.00001,0.903
30,5,75,30,8,0.00001,0.894
30,5,75,30,12,0.00001,0.84
30,5,75,30,16,0.00001,0.809
30,5,75,30,20,0.00001,0.787
30,5,75,30,24,0.00001,0.752
30,5,75,60,0,0.00001,0.933
30,5,75,60,1,0.00001,0.91
30,5,75,60,2,0.00001,0.903
30,5,75,60,3,0.00001,0.9
30,5,75,60,4,0.00001,0.898
30,5,75,60,8,0.00001,0.868
30,5,75,60,12,0.00001,0.825
30,5,75,60,16,0.00001,0.794
30,5,75,60,20,0.00001,0.772
30,5,75,60,24,0.00001,0.736
30,10,75,10,0,0.00001,1.245
30,10,75,10,1,0.00001,1.146
30,10,75,10,2,0.00001,1.142
30,10,75,10,3,0.00001,1.138
30,10,75,10,4,0.00001,1.136
30,10,75,10,8,0.00001,1.128
30,10,75,10,12,0.00001,1.121
30,10,75,10,16,0.00001,1.115
30,10,75,10,20,0.00001,1.101
30,10,75,10,24,0.00001,1.099
30,10,75,30,0,0.00001,1.245
30,10,75,30,1,0.00001,1.138
30,10,75,30,2,0.00001,1.13
30,10,75,30,3,0.00001,1.126
30,10,75,30,4,0.00001,1.209
30,10,75,30,8,0.00001,1.113
30,10,75,30,12,0.00001,1.104
30,10,75,30,16,0.00001,1.095
30,10,75,30,20,0.00001,1.084
30,10,75,30,24,0.00001,1.074
30,10,75,60,0,0.00001,1.245
30,10,75,60,1,0.00001,1.13
30,10,75,60,2,0.00001,1.208
30,10,75,60,3,0.00001,1.12
30,10,75,60,4,0.00001,1.118
30,10,75,60,8,0.00001,1.194
30,10,75,60,12,0.00001,1.1
30,10,75,60,16,0.00001,1.09
30,10,75,60,20,0.00001,1.08
30,10,75,60,24,0.00001,1.067
30,15,75,10,0,0.00001,1.373
30,15,75,10,1,0.00001,1.367
30,15,75,10,2,0.00001,1.363
30,15,75,10,3,0.00001,1.359
30,15,75,10,4,0.00001,1.356
30,15,75,10,8,0.00001,1.348
30,15,75,10,12,0.00001,1.342
30,15,75,10,16,0.00001,1.335
30,15,75,10,20,0.00001,1.327
30,15,75,10,24,0.00001,1.319
30,15,75,30,0,0.00001,1.373
30,15,75,30,1,0.00001,1.358
30,15,75,30,2,0.00001,1.351
30,15,75,30,3,0.00001,1.347
30,15,75,30,4,0.00001,1.343
30,15,75,30,8,0.00001,1.33
30,15,75,30,12,0.00001,1.325
30,15,75,30,16,0.00001,1.315
30,15,75,30,20,0.00001,1.305
30,15,75,30,24,0.00001,1.294
30,15,75,60,0,0.00001,1.373
30,15,75,60,1,0.00001,1.35
30,15,75,60,2,0.00001,1.343
30,15,75,60,3,0.00001,1.34
30,15,75,60,4,0.00001,1.338
30,15,75,60,8,0.00001,1.329
30,15,75,60,12,0.00001,1.32
30,15,75,60,16,0.00001,1.31
30,15,75,60,20,0.00001,1.299
30,15,75,60,24,0.00001,1.287
30,20,75,10,0,0.00001,1.595
30,20,75,10,1,0.00001,1.588
30,20,75,10,2,0.00001,1.583
30,20,75,10,3,0.00001,1.58
30,20,75,10,4,0.00001,1.577
30,20,75,10,8,0.00001,1.569
30,20,75,10,12,0.00001,1.562
30,20,75,10,16,0.00001,1.555
30,20,75,10,20,0.00001,1.548
30,20,75,10,24,0.00001,1.476
30,20,75,30,0,0.00001,1.595
30,20,75,30,1,0.00001,1.579
30,20,75,30,2,0.00001,1.571
30,20,75,30,3,0.00001,1.567
30,20,75,30,4,0.00001,1.563
30,20,75,30,8,0.00001,1.554
30,20,75,30,12,0.00001,1.545
30,20,75,30,16,0.00001,1.473
30,20,75,30,20,0.00001,1.525
30,20,75,30,24,0.00001,1.514
30,20,75,60,0,0.00001,1.595
30,20,75,60,1,0.00001,1.571
30,20,75,60,2,0.00001,1.5663
30,20,75,60,3,0.00001,1.561
30,20,75,60,4,0.00001,1.559
30,20,75,60,8,0.00001,1.55
30,20,75,60,12,0.00001,1.477
30,20,75,60,16,0.00001,1.469
30,20,75,60,20,0.00001,1.593
30,20,75,60,24,0.00001,1.507
15,0,90,10,0,0.00001,0.222
15,0,90,10,1,0.00001,0.217
15,0,90,10,2,0.00001,0.215
15,0,90,10,3,0.00001,0.214
15,0,90,10,4,0.00001,0.213
15,0,90,10,8,0.00001,0.21
15,0,90,10,12,0.00001,0.208
15,0,90,10,16,0.00001,0.206
15,0,90,10,20,0.00001,0.204
15,0,90,10,24,0.00001,0.202
15,0,90,30,0,0.00001,0.222
15,0,90,30,1,0.00001,0.213
15,0,90,30,2,0.00001,0.211
15,0,90,30,3,0.00001,0.209
15,0,90,30,4,0.00001,0.208
15,0,90,30,8,0.00001,0.207
15,0,90,30,12,0.00001,0.205
15,0,90,30,16,0.00001,0.203
15,0,90,30,20,0.00001,0.2
15,0,90,30,24,0.00001,0.197
15,0,90,60,0,0.00001,0.222
15,0,90,60,1,0.00001,0.211
15,0,90,60,2,0.00001,0.208
15,0,90,60,3,0.00001,0.208
15,0,90,60,4,0.00001,0.208
15,0,90,60,8,0.00001,0.206
15,0,90,60,12,0.00001,0.204
15,0,90,60,16,0.00001,0.202
15,0,90,60,20,0.00001,0.199
15,0,90,60,24,0.00001,0.195
15,5,90,10,0,0.00001,0.439
15,5,90,10,1,0.00001,0.437
15,5,90,10,2,0.00001,0.436
15,5,90,10,3,0.00001,0.435
15,5,90,10,4,0.00001,0.434
15,5,90,10,8,0.00001,0.432
15,5,90,10,12,0.00001,0.43
15,5,90,10,16,0.00001,0.429
15,5,90,10,20,0.00001,0.426
15,5,90,10,24,0.00001,0.424
15,5,90,30,0,0.00001,0.439
15,5,90,30,1,0.00001,0.435
15,5,90,30,2,0.00001,0.433
15,5,90,30,3,0.00001,0.432
15,5,90,30,4,0.00001,0.431
15,5,90,30,8,0.00001,0.429
15,5,90,30,12,0.00001,0.427
15,5,90,30,16,0.00001,0.424
15,5,90,30,20,0.00001,0.421
15,5,90,30,24,0.00001,0.418
15,5,90,60,0,0.00001,0.439
15,5,90,60,1,0.00001,0.433
15,5,90,60,2,0.00001,0.431
15,5,90,60,3,0.00001,0.43
15,5,90,60,4,0.00001,0.43
15,5,90,60,8,0.00001,0.428
15,5,90,60,12,0.00001,0.426
15,5,90,60,16,0.00001,0.423
15,5,90,60,20,0.00001,0.42
15,5,90,60,24,0.00001,0.416
15,10,90,10,0,0.00001,0.608
15,10,90,10,1,0.00001,0.608
15,10,90,10,2,0.00001,0.608
15,10,90,10,3,0.00001,0.606
15,10,90,10,4,0.00001,0.605
15,10,90,10,8,0.00001,0.603
15,10,90,10,12,0.00001,0.601
15,10,90,10,16,0.00001,0.599
15,10,90,10,20,0.00001,0.597
15,10,90,10,24,0.00001,0.594
15,10,90,30,0,0.00001,0.608
15,10,90,30,1,0.00001,0.606
15,10,90,30,2,0.00001,0.604
15,10,90,30,3,0.00001,0.603
15,10,90,30,4,0.00001,0.601
15,10,90,30,8,0.00001,0.6
15,10,90,30,12,0.00001,0.598
15,10,90,30,16,0.00001,0.595
15,10,90,30,20,0.00001,0.592
15,10,90,30,24,0.00001,0.58
15,10,90,60,0,0.00001,0.608
15,10,90,60,1,0.00001,0.604
15,10,90,60,2,0.00001,0.601
15,10,90,60,3,0.00001,0.601
15,10,90,60,4,0.00001,0.601
15,10,90,60,8,0.00001,0.599
15,10,90,60,12,0.00001,0.597
15,10,90,60,16,0.00001,0.594
15,10,90,60,20,0.00001,0.591
15,10,90,60,24,0.00001,0.579
15,15,90,10,0,0.00001,0.783
15,15,90,10,1,0.00001,0.78
15,15,90,10,2,0.00001,0.762
15,15,90,10,3,0.00001,0.777
15,15,90,10,4,0.00001,0.776
15,15,90,10,8,0.00001,0.774
15,15,90,10,12,0.00001,0.771
15,15,90,10,16,0.00001,0.77
15,15,90,10,20,0.00001,0.768
15,15,90,10,24,0.00001,0.765
15,15,90,30,0,0.00001,0.783
15,15,90,30,1,0.00001,0.777
15,15,90,30,2,0.00001,0.776
15,15,90,30,3,0.00001,0.773
15,15,90,30,4,0.00001,0.772
15,15,90,30,8,0.00001,0.77
15,15,90,30,12,0.00001,0.768
15,15,90,30,16,0.00001,0.766
15,15,90,30,20,0.00001,0.763
15,15,90,30,24,0.00001,0.759
15,15,90,60,0,0.00001,0.783
15,15,90,60,1,0.00001,0.775
15,15,90,60,2,0.00001,0.772
15,15,90,60,3,0.00001,0.772
15,15,90,60,4,0.00001,0.771
15,15,90,60,8,0.00001,0.77
15,15,90,60,12,0.00001,0.767
15,15,90,60,16,0.00001,0.764
15,15,90,60,20,0.00001,0.761
15,15,90,60,24,0.00001,0.757
15,20,90,10,0,0.00001,0.981
15,20,90,10,1,0.00001,0.98
15,20,90,10,2,0.00001,0.979
15,20,90,10,3,0.00001,0.978
15,20,90,10,4,0.00001,0.977
15,20,90,10,8,0.00001,0.976
15,20,90,10,12,0.00001,0.974
15,20,90,10,16,0.00001,0.972
15,20,90,10,20,0.00001,0.97
15,20,90,10,24,0.00001,0.969
15,20,90,30,0,0.00001,0.981
15,20,90,30,1,0.00001,0.978
15,20,90,30,2,0.00001,0.976
15,20,90,30,3,0.00001,0.975
15,20,90,30,4,0.00001,0.974
15,20,90,30,8,0.00001,0.972
15,20,90,30,12,0.00001,0.971
15,20,90,30,16,0.00001,0.969
15,20,90,30,20,0.00001,0.966
15,20,90,30,24,0.00001,0.964
15,20,90,60,0,0.00001,0.981
15,20,90,60,1,0.00001,0.976
15,20,90,60,2,0.00001,0.974
15,20,90,60,3,0.00001,0.974
15,20,90,60,4,0.00001,0.973
15,20,90,60,8,0.00001,0.972
15,20,90,60,12,0.00001,0.97
15,20,90,60,16,0.00001,0.967
15,20,90,60,20,0.00001,0.965
15,20,90,60,24,0.00001,0.961
20,0,90,10,0,0.00001,0.3
20,0,90,10,1,0.00001,0.293
20,0,90,10,2,0.00001,0.291
20,0,90,10,3,0.00001,0.289
20,0,90,10,4,0.00001,0.287
20,0,90,10,8,0.00001,0.283
20,0,90,10,12,0.00001,0.28
20,0,90,10,16,0.00001,0.278
20,0,90,10,20,0.00001,0.276
20,0,90,10,24,0.00001,0.273
20,0,90,30,0,0.00001,0.3
20,0,90,30,1,0.00001,0.289
20,0,90,30,2,0.00001,0.285
20,0,90,30,3,0.00001,0.283
20,0,90,30,4,0.00001,0.281
20,0,90,30,8,0.00001,0.279
20,0,90,30,12,0.00001,0.277
20,0,90,30,16,0.00001,0.274
20,0,90,30,20,0.00001,0.271
20,0,90,30,24,0.00001,0.265
20,0,90,60,0,0.00001,0.3
20,0,90,60,1,0.00001,0.285
20,0,90,60,2,0.00001,0.281
20,0,90,60,3,0.00001,0.281
20,0,90,60,4,0.00001,0.28
20,0,90,60,8,0.00001,0.278
20,0,90,60,12,0.00001,0.276
20,0,90,60,16,0.00001,0.273
20,0,90,60,20,0.00001,0.269
20,0,90,60,24,0.00001,0.263
20,5,90,10,0,0.00001,0.538
20,5,90,10,1,0.00001,0.534
20,5,90,10,2,0.00001,0.532
20,5,90,10,3,0.00001,0.53
20,5,90,10,4,0.00001,0.529
20,5,90,10,8,0.00001,0.525
20,5,90,10,12,0.00001,0.523
20,5,90,10,16,0.00001,0.52
20,5,90,10,20,0.00001,0.517
20,5,90,10,24,0.00001,0.514
20,5,90,30,0,0.00001,0.538
20,5,90,30,1,0.00001,0.53
20,5,90,30,2,0.00001,0.527
20,5,90,30,3,0.00001,0.525
20,5,90,30,4,0.00001,0.523
20,5,90,30,8,0.00001,0.521
20,5,90,30,12,0.00001,0.518
20,5,90,30,16,0.00001,0.515
20,5,90,30,20,0.00001,0.511
20,5,90,30,24,0.00001,0.506
20,5,90,60,0,0.00001,0.538
20,5,90,60,1,0.00001,0.527
20,5,90,60,2,0.00001,0.523
20,5,90,60,3,0.00001,0.523
20,5,90,60,4,0.00001,0.522
20,5,90,60,8,0.00001,0.52
20,5,90,60,12,0.00001,0.517
20,5,90,60,16,0.00001,0.513
20,5,90,60,20,0.00001,0.509
20,5,90,60,24,0.00001,0.504
20,10,90,10,0,0.00001,0.698
20,10,90,10,1,0.00001,0.695
20,10,90,10,2,0.00001,0.693
20,10,90,10,3,0.00001,0.692
20,10,90,10,4,0.00001,0.691
20,10,90,10,8,0.00001,0.688
20,10,90,10,12,0.00001,0.686
20,10,90,10,16,0.00001,0.684
20,10,90,10,20,0.00001,0.682
20,10,90,10,24,0.00001,0.679
20,10,90,30,0,0.00001,0.698
20,10,90,30,1,0.00001,0.692
20,10,90,30,2,0.00001,0.69
20,10,90,30,3,0.00001,0.688
20,10,90,30,4,0.00001,0.687
20,10,90,30,8,0.00001,0.685
20,10,90,30,12,0.00001,0.683
20,10,90,30,16,0.00001,0.68
20,10,90,30,20,0.00001,0.677
20,10,90,30,24,0.00001,0.673
20,10,90,60,0,0.00001,0.698
20,10,90,60,1,0.00001,0.69
20,10,90,60,2,0.00001,0.687
20,10,90,60,3,0.00001,0.686
20,10,90,60,4,0.00001,0.686
20,10,90,60,8,0.00001,0.684
20,10,90,60,12,0.00001,0.682
20,10,90,60,16,0.00001,0.678
20,10,90,60,20,0.00001,0.675
20,10,90,60,24,0.00001,0.674
20,15,90,10,0,0.00001,0.878
20,15,90,10,1,0.00001,0.941
20,15,90,10,2,0.00001,0.872
20,15,90,10,3,0.00001,0.871
20,15,90,10,4,0.00001,0.869
20,15,90,10,8,0.00001,0.866
20,15,90,10,12,0.00001,0.863
20,15,90,10,16,0.00001,0.861
20,15,90,10,20,0.00001,0.858
20,15,90,10,24,0.00001,0.855
20,15,90,30,0,0.00001,0.878
20,15,90,30,1,0.00001,0.871
20,15,90,30,2,0.00001,0.868
20,15,90,30,3,0.00001,0.866
20,15,90,30,4,0.00001,0.864
20,15,90,30,8,0.00001,0.862
20,15,90,30,12,0.00001,0.859
20,15,90,30,16,0.00001,0.856
20,15,90,30,20,0.00001,0.851
20,15,90,30,24,0.00001,0.847
20,15,90,60,0,0.00001,0.878
20,15,90,60,1,0.00001,0.867
20,15,90,60,2,0.00001,0.864
20,15,90,60,3,0.00001,0.864
20,15,90,60,4,0.00001,0.863
20,15,90,60,8,0.00001,0.861
20,15,90,60,12,0.00001,0.858
20,15,90,60,16,0.00001,0.854
20,15,90,60,20,0.00001,0.849
20,15,90,60,24,0.00001,0.844
20,20,90,10,0,0.00001,1.106
20,20,90,10,1,0.00001,1.046
20,20,90,10,2,0.00001,1.022
20,20,90,10,3,0.00001,1.021
20,20,90,10,4,0.00001,1.039
20,20,90,10,8,0.00001,1.037
20,20,90,10,12,0.00001,1.034
20,20,90,10,16,0.00001,1.032
20,20,90,10,20,0.00001,1.029
20,20,90,10,24,0.00001,1.026
20,20,90,30,0,0.00001,1.106
20,20,90,30,1,0.00001,1.042
20,20,90,30,2,0.00001,1.039
20,20,90,30,3,0.00001,1.036
20,20,90,30,4,0.00001,1.034
20,20,90,30,8,0.00001,1.032
20,20,90,30,12,0.00001,1.03
20,20,90,30,16,0.00001,1.027
20,20,90,30,20,0.00001,1.021
20,20,90,30,24,0.00001,1.019
20,20,90,60,0,0.00001,1.106
20,20,90,60,1,0.00001,1.095
20,20,90,60,2,0.00001,1.094
20,20,90,60,3,0.00001,1.093
20,20,90,60,4,0.00001,1.034
20,20,90,60,8,0.00001,1.031
20,20,90,60,12,0.00001,1.087
20,20,90,60,16,0.00001,1.08
20,20,90,60,20,0.00001,1.078
20,20,90,60,24,0.00001,1.016
25,0,90,10,0,0.00001,0.385
25,0,90,10,1,0.00001,0.378
25,0,90,10,2,0.00001,0.374
25,0,90,10,3,0.00001,0.371
25,0,90,10,4,0.00001,0.368
25,0,90,10,8,0.00001,0.359
25,0,90,10,12,0.00001,0.355
25,0,90,10,16,0.00001,0.353
25,0,90,10,20,0.00001,0.349
25,0,90,10,24,0.00001,0.346
25,0,90,30,0,0.00001,0.385
25,0,90,30,1,0.00001,0.371
25,0,90,30,2,0.00001,0.361
25,0,90,30,3,0.00001,0.358
25,0,90,30,4,0.00001,0.356
25,0,90,30,8,0.00001,0.354
25,0,90,30,12,0.00001,0.351
25,0,90,30,16,0.00001,0.347
25,0,90,30,20,0.00001,0.343
25,0,90,30,24,0.00001,0.336
25,0,90,60,0,0.00001,0.385
25,0,90,60,1,0.00001,0.361
25,0,90,60,2,0.00001,0.356
25,0,90,60,3,0.00001,0.356
25,0,90,60,4,0.00001,0.355
25,0,90,60,8,0.00001,0.353
25,0,90,60,12,0.00001,0.349
25,0,90,60,16,0.00001,0.345
25,0,90,60,20,0.00001,0.34
25,0,90,60,24,0.00001,0.333
25,5,90,10,0,0.00001,0.637
25,5,90,10,1,0.00001,0.633
25,5,90,10,2,0.00001,0.63
25,5,90,10,3,0.00001,0.628
25,5,90,10,4,0.00001,0.626
25,5,90,10,8,0.00001,0.622
25,5,90,10,12,0.00001,0.618
25,5,90,10,16,0.00001,0.616
25,5,90,10,20,0.00001,0.612
25,5,90,10,24,0.00001,0.608
25,5,90,30,0,0.00001,0.637
25,5,90,30,1,0.00001,0.628
25,5,90,30,2,0.00001,0.624
25,5,90,30,3,0.00001,0.621
25,5,90,30,4,0.00001,0.619
25,5,90,30,8,0.00001,0.617
25,5,90,30,12,0.00001,0.613
25,5,90,30,16,0.00001,0.609
25,5,90,30,20,0.00001,0.604
25,5,90,30,24,0.00001,0.544
25,5,90,60,0,0.00001,0.637
25,5,90,60,1,0.00001,0.624
25,5,90,60,2,0.00001,0.619
25,5,90,60,3,0.00001,0.619
25,5,90,60,4,0.00001,0.618
25,5,90,60,8,0.00001,0.615
25,5,90,60,12,0.00001,0.611
25,5,90,60,16,0.00001,0.607
25,5,90,60,20,0.00001,0.601
25,5,90,60,24,0.00001,0.595
25,10,90,10,0,0.00001,0.802
25,10,90,10,1,0.00001,0.799
25,10,90,10,2,0.00001,0.796
25,10,90,10,3,0.00001,0.795
25,10,90,10,4,0.00001,0.793
25,10,90,10,8,0.00001,0.79
25,10,90,10,12,0.00001,0.787
25,10,90,10,16,0.00001,0.785
25,10,90,10,20,0.00001,0.782
25,10,90,10,24,0.00001,0.778
25,10,90,30,0,0.00001,0.802
25,10,90,30,1,0.00001,0.795
25,10,90,30,2,0.00001,0.791
25,10,90,30,3,0.00001,0.789
25,10,90,30,4,0.00001,0.788
25,10,90,30,8,0.00001,0.786
25,10,90,30,12,0.00001,0.783
25,10,90,30,16,0.00001,0.779
25,10,90,30,20,0.00001,0.774
25,10,90,30,24,0.00001,0.768
25,10,90,60,0,0.00001,0.802
25,10,90,60,1,0.00001,0.791
25,10,90,60,2,0.00001,0.788
25,10,90,60,3,0.00001,0.787
25,10,90,60,4,0.00001,0.787
25,10,90,60,8,0.00001,0.784
25,10,90,60,12,0.00001,0.781
25,10,90,60,16,0.00001,0.777
25,10,90,60,20,0.00001,0.772
25,10,90,60,24,0.00001,0.765
25,15,90,10,0,0.00001,0.978
25,15,90,10,1,0.00001,0.973
25,15,90,10,2,0.00001,0.971
25,15,90,10,3,0.00001,0.969
25,15,90,10,4,0.00001,0.953
25,15,90,10,8,0.00001,0.95
25,15,90,10,12,0.00001,0.947
25,15,90,10,16,0.00001,0.945
25,15,90,10,20,0.00001,0.942
25,15,90,10,24,0.00001,0.938
25,15,90,30,0,0.00001,0.978
25,15,90,30,1,0.00001,0.954
25,15,90,30,2,0.00001,0.965
25,15,90,30,3,0.00001,0.949
25,15,90,30,4,0.00001,0.948
25,15,90,30,8,0.00001,0.945
25,15,90,30,12,0.00001,0.943
25,15,90,30,16,0.00001,0.939
25,15,90,30,20,0.00001,0.935
25,15,90,30,24,0.00001,0.93
25,15,90,60,0,0.00001,0.978
25,15,90,60,1,0.00001,0.951
25,15,90,60,2,0.00001,0.96
25,15,90,60,3,0.00001,0.947
25,15,90,60,4,0.00001,0.959
25,15,90,60,8,0.00001,0.956
25,15,90,60,12,0.00001,0.941
25,15,90,60,16,0.00001,0.937
25,15,90,60,20,0.00001,0.933
25,15,90,60,24,0.00001,0.927
25,20,90,10,0,0.00001,1.149
25,20,90,10,1,0.00001,1.144
25,20,90,10,2,0.00001,1.141
25,20,90,10,3,0.00001,1.139
25,20,90,10,4,0.00001,1.137
25,20,90,10,8,0.00001,1.134
25,20,90,10,12,0.00001,1.13
25,20,90,10,16,0.00001,1.127
25,20,90,10,20,0.00001,1.123
25,20,90,10,24,0.00001,1.119
25,20,90,30,0,0.00001,1.149
25,20,90,30,1,0.00001,1.139
25,20,90,30,2,0.00001,1.135
25,20,90,30,3,0.00001,1.133
25,20,90,30,4,0.00001,1.131
25,20,90,30,8,0.00001,1.128
25,20,90,30,12,0.00001,1.125
25,20,90,30,16,0.00001,1.12
25,20,90,30,20,0.00001,1.115
25,20,90,30,24,0.00001,1.109
25,20,90,60,0,0.00001,1.149
25,20,90,60,1,0.00001,1.135
25,20,90,60,2,0.00001,1.131
25,20,90,60,3,0.00001,1.13
25,20,90,60,4,0.00001,1.129
25,20,90,60,8,0.00001,1.126
25,20,90,60,12,0.00001,1.122
25,20,90,60,16,0.00001,1.118
25,20,90,60,20,0.00001,1.113
25,20,90,60,24,0.00001,1.107
30,0,90,10,0,0.00001,0.472
30,0,90,10,1,0.00001,0.463
30,0,90,10,2,0.00001,0.458
30,0,90,10,3,0.00001,0.454
30,0,90,10,4,0.00001,0.451
30,0,90,10,8,0.00001,0.444
30,0,90,10,12,0.00001,0.439
30,0,90,10,16,0.00001,0.433
30,0,90,10,20,0.00001,0.429
30,0,90,10,24,0.00001,0.424
30,0,90,30,0,0.00001,0.472
30,0,90,30,1,0.00001,0.454
30,0,90,30,2,0.00001,0.447
30,0,90,30,3,0.00001,0.443
30,0,90,30,4,0.00001,0.44
30,0,90,30,8,0.00001,0.437
30,0,90,30,12,0.00001,0.431
30,0,90,30,16,0.00001,0.426
30,0,90,30,20,0.00001,0.421
30,0,90,30,24,0.00001,0.412
30,0,90,60,0,0.00001,0.472
30,0,90,60,1,0.00001,0.447
30,0,90,60,2,0.00001,0.44
30,0,90,60,3,0.00001,0.44
30,0,90,60,4,0.00001,0.439
30,0,90,60,8,0.00001,0.433
30,0,90,60,12,0.00001,0.429
30,0,90,60,16,0.00001,0.424
30,0,90,60,20,0.00001,0.417
30,0,90,60,24,0.00001,0.408
30,5,90,10,0,0.00001,0.745
30,5,90,10,1,0.00001,0.74
30,5,90,10,2,0.00001,0.736
30,5,90,10,3,0.00001,0.734
30,5,90,10,4,0.00001,0.732
30,5,90,10,8,0.00001,0.727
30,5,90,10,12,0.00001,0.659
30,5,90,10,16,0.00001,0.655
30,5,90,10,20,0.00001,0.651
30,5,90,10,24,0.00001,0.645
30,5,90,30,0,0.00001,0.745
30,5,90,30,1,0.00001,0.734
30,5,90,30,2,0.00001,0.729
30,5,90,30,3,0.00001,0.726
30,5,90,30,4,0.00001,0.723
30,5,90,30,8,0.00001,0.657
30,5,90,30,12,0.00001,0.652
30,5,90,30,16,0.00001,0.647
30,5,90,30,20,0.00001,0.64
30,5,90,30,24,0.00001,0.632
30,5,90,60,0,0.00001,0.745
30,5,90,60,1,0.00001,0.729
30,5,90,60,2,0.00001,0.724
30,5,90,60,3,0.00001,0.723
30,5,90,60,4,0.00001,0.659
30,5,90,60,8,0.00001,0.655
30,5,90,60,12,0.00001,0.651
30,5,90,60,16,0.00001,0.645
30,5,90,60,20,0.00001,0.637
30,5,90,60,24,0.00001,0.628
30,10,90,10,0,0.00001,0.914
30,10,90,10,1,0.00001,0.91
30,10,90,10,2,0.00001,0.907
30,10,90,10,3,0.00001,0.904
30,10,90,10,4,0.00001,0.902
30,10,90,10,8,0.00001,0.897
30,10,90,10,12,0.00001,0.893
30,10,90,10,16,0.00001,0.889
30,10,90,10,20,0.00001,0.885
30,10,90,10,24,0.00001,0.88
30,10,90,30,0,0.00001,0.914
30,10,90,30,1,0.00001,0.904
30,10,90,30,2,0.00001,0.899
30,10,90,30,3,0.00001,0.896
30,10,90,30,4,0.00001,0.894
30,10,90,30,8,0.00001,0.89
30,10,90,30,12,0.00001,0.886
30,10,90,30,16,0.00001,0.881
30,10,90,30,20,0.00001,0.875
30,10,90,30,24,0.00001,0.868
30,10,90,60,0,0.00001,0.914
30,10,90,60,1,0.00001,0.899
30,10,90,60,2,0.00001,0.894
30,10,90,60,3,0.00001,0.893
30,10,90,60,4,0.00001,0.892
30,10,90,60,8,0.00001,0.889
30,10,90,60,12,0.00001,0.884
30,10,90,60,16,0.00001,0.879
30,10,90,60,20,0.00001,0.872
30,10,90,60,24,0.00001,0.865
30,15,90,10,0,0.00001,1.073
30,15,90,10,1,0.00001,1.069
30,15,90,10,2,0.00001,1.066
30,15,90,10,3,0.00001,1.064
30,15,90,10,4,0.00001,1.063
30,15,90,10,8,0.00001,1.059
30,15,90,10,12,0.00001,1.055
30,15,90,10,16,0.00001,1.053
30,15,90,10,20,0.00001,1.049
30,15,90,10,24,0.00001,1.045
30,15,90,30,0,0.00001,1.073
30,15,90,30,1,0.00001,1.064
30,15,90,30,2,0.00001,1.06
30,15,90,30,3,0.00001,1.058
30,15,90,30,4,0.00001,1.056
30,15,90,30,8,0.00001,1.054
30,15,90,30,12,0.00001,1.05
30,15,90,30,16,0.00001,1.046
30,15,90,30,20,0.00001,1.041
30,15,90,30,24,0.00001,1.035
30,15,90,60,0,0.00001,1.073
30,15,90,60,1,0.00001,1.06
30,15,90,60,2,0.00001,1.056
30,15,90,60,3,0.00001,1.063
30,15,90,60,4,0.00001,1.055
30,15,90,60,8,0.00001,1.052
30,15,90,60,12,0.00001,1.049
30,15,90,60,16,0.00001,1.044
30,15,90,60,20,0.00001,1.038
30,15,90,60,24,0.00001,1.032
30,20,90,10,0,0.00001,1.256
30,20,90,10,1,0.00001,1.251
30,20,90,10,2,0.00001,1.247
30,20,90,10,3,0.00001,1.245
30,20,90,10,4,0.00001,1.243
30,20,90,10,8,0.00001,1.238
30,20,90,10,12,0.00001,1.234
30,20,90,10,16,0.00001,1.23
30,20,90,10,20,0.00001,1.226
30,20,90,10,24,0.00001,1.221
30,20,90,30,0,0.00001,1.256
30,20,90,30,1,0.00001,1.245
30,20,90,30,2,0.00001,1.24
30,20,90,30,3,0.00001,1.237
30,20,90,30,4,0.00001,1.234
30,20,90,30,8,0.00001,1.231
30,20,90,30,12,0.00001,1.227
30,20,90,30,16,0.00001,1.222
30,20,90,30,20,0.00001,1.216
30,20,90,30,24,0.00001,1.195
30,20,90,60,0,0.00001,1.256
30,20,90,60,1,0.00001,1.24
30,20,90,60,2,0.00001,1.235
30,20,90,60,3,0.00001,1.234
30,20,90,60,4,0.00001,1.233
30,20,90,60,8,0.00001,1.229
30,20,90,60,12,0.00001,1.225
30,20,90,60,16,0.00001,1.22
30,20,90,60,20,0.00001,1.213
30,20,90,60,24,0.00001,1.192
